1,Pudge,1,1,brown,long,Quisquam tempora quisquam quisquam consectetur porro.
2,Gringo,1,2,white,long,Magnam neque ipsum neque non.
3,Wolfie,1,3,white,short,Aliquam quiquia non ut.
4,Susie-q,1,4,orange,short,Etincidunt dolor est non magnam sed dolorem velit.
5,Blondie,1,5,orange,long,Tempora porro consectetur amet aliquam etincidunt est.
6,Darcy,1,6,orange,short,Ipsum dolorem etincidunt dolore numquam quiquia.
7,Riley,1,7,orange,long,Modi aliquam velit sed etincidunt tempora.
8,Gypsy,1,8,brown,medium,Dolore eius labore sit sit dolor.
9,Whiz,1,9,white,medium,Magnam dolorem est modi adipisci dolor.
10,Laney,1,10,black,long,Dolorem magnam quiquia quisquam non velit non.
11,Max,2,11,orange,long,Ipsum dolore labore porro consectetur numquam etincidunt.
12,Furball,2,12,spotted,long,Voluptatem consectetur tempora non non numquam non.
13,Little-rascal,2,13,spotted,short,Etincidunt sit magnam dolorem modi.
14,Odie,2,14,spotted,short,Etincidunt neque voluptatem sed adipisci labore ut.
15,Dee Dee,2,15,orange,medium,Numquam velit porro ut voluptatem aliquam.
16,Benson,2,16,orange,short,Aliquam numquam quaerat quisquam eius.
17,Yogi-bear,2,17,brown,short,Neque ipsum quiquia velit quaerat numquam quiquia est.
18,Otto,2,18,spotted,short,Sit velit porro voluptatem sed magnam quiquia amet.
19,Mitzy,2,19,white,short,Ut velit quaerat consectetur amet eius aliquam dolorem.
20,Sarah,2,20,spotted,medium,Dolor labore consectetur non quaerat dolore sed est.
21,Squeeky,3,21,orange,medium,Eius labore magnam sed sit etincidunt sed adipisci.
22,Quinn,3,22,brown,medium,Eius ipsum dolore porro aliquam dolor amet magnam.
23,Josie,3,23,spotted,long,Est ut adipisci magnam amet voluptatem.
24,Arnie,3,24,orange,long,Consectetur neque modi magnam ut dolorem.
25,Cha Cha,3,25,spotted,short,Sed aliquam tempora sed porro.
26,Piggy,3,26,spotted,medium,Ut est sit magnam sit sit dolore.
27,Dharma,3,27,spotted,medium,Quaerat ut dolor quaerat magnam dolor quaerat.
28,Basil,3,28,white,medium,Ut ipsum neque ipsum quiquia consectetur ipsum porro.
29,Meadow,3,29,brown,medium,Quaerat est ut dolor.
30,Queen,3,30,orange,long,Tempora eius etincidunt aliquam dolorem.
31,Tyson,4,31,orange,medium,Ut dolorem quiquia eius dolorem.
32,Laddie,4,32,black,medium,Numquam eius neque ipsum sed.
33,Higgins,4,33,spotted,medium,Ut dolor eius quiquia eius dolore.
34,Pooch,4,34,spotted,long,Ipsum magnam sit quiquia.
35,Tinker,4,35,spotted,long,Dolor quaerat dolorem dolorem sit labore consectetur.
36,Toto,4,36,spotted,medium,Neque aliquam est modi velit.
37,Merlin,4,37,white,long,Sed eius numquam porro.
38,Spencer,4,38,orange,long,Dolor quaerat dolore quiquia ipsum voluptatem non.
39,Birdie,4,39,orange,long,Quaerat labore adipisci amet sit.
40,Cassis,4,40,brown,long,Eius eius adipisci non est quisquam dolorem velit.
41,Nobel,5,41,brown,medium,Eius etincidunt ut magnam etincidunt quaerat.
42,Bubbles,5,42,spotted,long,Dolor neque sed quiquia quiquia neque eius porro.
43,Duchess,5,43,orange,long,Sed magnam quisquam ut porro quaerat.
44,Wizard,5,44,white,medium,Adipisci non dolorem modi.
45,Tramp,5,45,spotted,short,Dolorem quaerat ut neque non sit adipisci dolorem.
46,Alf,5,46,orange,short,Velit ut quiquia neque magnam.
47,Nickie,5,47,orange,medium,Magnam sed sed labore quiquia.
48,Dee,5,48,black,short,Ut labore neque modi aliquam non modi labore.
49,Nibby,5,49,black,medium,Velit est voluptatem etincidunt quaerat amet.
50,Rags,5,50,black,short,Magnam quaerat sed eius modi ipsum numquam.
51,Niki,6,51,brown,medium,Aliquam consectetur sit consectetur numquam.
52,Chiquita,6,52,white,medium,Consectetur dolore amet sed.
53,Isabella,6,53,spotted,short,Quisquam consectetur eius sed adipisci dolorem.
54,Bacchus,6,54,white,long,Neque consectetur non numquam numquam porro.
55,Clancy,6,55,spotted,long,Amet velit dolore ut magnam.
56,Princess,6,56,black,long,Amet adipisci est quaerat sit ipsum.
57,Phantom,6,57,orange,medium,Amet adipisci amet labore est amet velit non.
58,Paddy,6,58,brown,short,Voluptatem quiquia non amet aliquam velit.
59,Simon,6,59,brown,long,Voluptatem voluptatem consectetur dolor neque quisquam dolorem labore.
60,Sawyer,6,60,spotted,medium,Sed dolore non numquam.
61,Skip,7,61,white,medium,Sit tempora porro velit.
62,Corky,7,62,white,medium,Voluptatem aliquam dolor voluptatem porro ipsum voluptatem.
63,Bunky,7,63,white,medium,Voluptatem etincidunt velit ipsum.
64,Pugsley,7,64,brown,short,Sed etincidunt ut etincidunt.
65,Dolly,7,65,brown,long,Non aliquam dolorem tempora eius dolore.
66,Schultz,7,66,orange,short,Neque velit tempora quiquia quaerat quiquia tempora.
67,Carley,7,67,brown,short,Numquam etincidunt non adipisci sit quiquia consectetur sit.
68,Darby,7,68,spotted,short,Dolorem etincidunt numquam dolorem dolorem labore.
69,Kallie,7,69,brown,short,Modi quiquia etincidunt quiquia labore.
70,Yoda,7,70,orange,short,Aliquam dolor modi quiquia dolorem quisquam quaerat quiquia.
71,Dolly,8,71,spotted,long,Neque adipisci etincidunt labore adipisci.
72,Nickers,8,72,orange,long,Velit etincidunt porro quaerat velit.
73,Erin,8,73,spotted,long,Porro velit modi consectetur neque sed tempora.
74,Starr,8,74,black,long,Aliquam velit dolore modi sed numquam.
75,Eifel,8,75,spotted,long,Etincidunt ut porro magnam aliquam.
76,Jessie,8,76,brown,long,Voluptatem tempora ut ipsum magnam aliquam.
77,Pink Panther,8,77,white,medium,Numquam dolore voluptatem sed amet.
78,Mikey,8,78,brown,short,Porro ut velit sit.
79,Kid,8,79,spotted,short,Non voluptatem non quaerat.
80,Phoenix,8,80,black,short,Magnam magnam etincidunt ipsum sed est.
81,Sparky,9,81,spotted,long,Neque sed modi neque numquam dolor quisquam aliquam.
82,June,9,82,brown,medium,Quiquia numquam sed sit quisquam consectetur.
83,Pippy,9,83,orange,long,Voluptatem voluptatem dolore consectetur etincidunt eius quaerat modi.
84,Sunday,9,84,black,short,Eius dolor etincidunt sed dolore neque amet.
85,Scoobie,9,85,black,short,Non quaerat velit aliquam.
86,Harrison,9,86,spotted,medium,Sed ut est aliquam aliquam.
87,Dixie,9,87,black,medium,Sed adipisci velit non dolorem dolor quisquam.
88,Pirate,9,88,brown,long,Magnam quiquia sit porro dolorem neque.
89,Eva,9,89,spotted,medium,Velit dolorem amet eius dolorem quisquam.
90,Cheyenne,9,90,orange,medium,Quiquia non aliquam ut aliquam non velit.
91,Pandora,10,91,orange,medium,Magnam porro tempora dolorem consectetur.
92,Miss Kitty,10,92,black,long,Quaerat adipisci neque quaerat dolorem sit.
93,Gizmo,10,93,white,medium,Sed eius aliquam tempora adipisci.
94,Volvo,10,94,black,short,Dolor non sed ipsum porro etincidunt magnam amet.
95,Onie,10,95,white,long,Etincidunt amet sed dolorem ut quiquia ipsum sed.
96,Sassie,10,96,white,medium,Quiquia tempora magnam ut est modi.
97,Bullet,10,97,black,long,Amet numquam dolor amet magnam.
98,Jet,10,98,white,medium,Consectetur amet sit eius ipsum non.
99,Ruthie,10,99,brown,medium,Etincidunt eius adipisci sit quaerat quaerat.
100,Simone,10,100,brown,short,Dolore quisquam ut ipsum labore sed aliquam.
101,Mr Kitty,11,101,white,medium,Consectetur sit quiquia quiquia.
102,Simon,11,102,brown,long,Est sed neque consectetur labore.
103,Gunther,11,103,spotted,long,Modi adipisci numquam porro sed.
104,Nugget,11,104,brown,medium,Voluptatem dolorem velit neque voluptatem.
105,Spot,11,105,brown,medium,Consectetur porro amet numquam tempora quaerat.
106,Starr,11,106,spotted,long,Porro dolorem modi quisquam voluptatem ipsum labore eius.
107,Tessie,11,107,white,short,Magnam magnam dolorem ut.
108,Louie,11,108,black,medium,Non amet quaerat labore sit neque ipsum.
109,Peter,11,109,orange,medium,Eius amet sit adipisci modi est.
110,Smarty,11,110,orange,long,Amet voluptatem etincidunt sit.
111,Jasmine,12,111,orange,short,Dolorem consectetur dolore dolorem etincidunt labore dolor.
112,Jet,12,112,black,long,Eius porro labore dolor tempora.
113,Dash,12,113,black,short,Quaerat porro sit aliquam porro dolor voluptatem amet.
114,Frankie,12,114,black,medium,Etincidunt aliquam eius sit adipisci modi labore.
115,Henry,12,115,spotted,short,Voluptatem quisquam neque tempora porro tempora quisquam velit.
116,Trixie,12,116,spotted,short,Est ipsum porro tempora eius ipsum tempora.
117,Frosty,12,117,brown,short,Non ut velit porro dolorem ipsum.
118,Ebony,12,118,brown,long,Eius non voluptatem porro voluptatem.
119,Tara,12,119,black,medium,Labore tempora dolor dolore sit voluptatem eius.
120,Zoie,12,120,white,medium,Quisquam etincidunt aliquam neque magnam aliquam.
121,Jamie,13,121,spotted,short,Etincidunt tempora neque non quisquam quisquam quiquia.
122,Gibson,13,122,black,long,Ut dolor dolor aliquam labore neque.
123,Dash,13,123,orange,medium,Non numquam est non sed dolore amet.
124,Isabella,13,124,brown,short,Neque sed neque voluptatem.
125,Dino,13,125,brown,short,Etincidunt velit eius quiquia etincidunt est.
126,Porch,13,126,white,long,Dolore quaerat porro eius ut est.
127,Erin,13,127,orange,short,Porro quisquam non dolor etincidunt voluptatem quaerat.
128,Griffen,13,128,brown,medium,Aliquam est tempora sit labore ipsum.
129,Edsel,13,129,spotted,short,Non magnam amet quisquam.
130,Jade,13,130,orange,long,Quisquam eius sit velit.
131,Tyson,14,131,orange,long,Magnam numquam eius quiquia porro sed.
132,Bodie,14,132,black,long,Eius dolor labore ipsum velit.
133,Alex,14,133,black,medium,Ipsum tempora quiquia est numquam amet.
134,Taffy,14,134,brown,long,Velit dolorem labore sit dolorem dolor velit.
135,Genie,14,135,white,medium,Sit labore dolore dolore modi dolorem etincidunt.
136,Doggonâ€™,14,136,orange,short,Est consectetur quiquia sed neque tempora ipsum neque.
137,Stuart,14,137,orange,short,Dolor consectetur quisquam non ut adipisci aliquam voluptatem.
138,Sailor,14,138,spotted,short,Tempora ipsum quiquia sit eius dolore numquam quiquia.
139,Petie,14,139,orange,short,Modi modi est quiquia eius porro.
140,Laddie,14,140,black,long,Ipsum aliquam consectetur quaerat aliquam sed tempora sit.
141,Cassie,15,141,brown,medium,Consectetur modi eius porro magnam dolore adipisci.
142,Kismet,15,142,orange,short,Ut neque quaerat voluptatem sed consectetur dolor quaerat.
143,Rusty,15,143,white,long,Consectetur ipsum dolore quisquam.
144,Dudley,15,144,spotted,short,Tempora sit quaerat porro ipsum.
145,Spike,15,145,white,short,Dolore eius est dolore numquam tempora.
146,Zippy,15,146,white,long,Dolore quaerat adipisci dolore sit non neque tempora.
147,Diva,15,147,white,long,Sed est voluptatem ipsum eius etincidunt dolore.
148,Athena,15,148,black,medium,Aliquam dolor labore numquam.
149,Porky,15,149,spotted,short,Dolore quaerat dolor neque labore labore eius.
150,Oliver,15,150,black,medium,Ut quisquam ipsum tempora eius dolor dolor neque.
151,Stanley,16,151,orange,medium,Labore tempora non magnam porro non neque.
152,Camille,16,152,white,long,Sit modi adipisci ut numquam adipisci.
153,Pooky,16,153,orange,long,Velit amet tempora aliquam ut.
154,Jackie,16,154,spotted,short,Non porro ipsum quaerat est consectetur.
155,Miss Priss,16,155,white,long,Aliquam non labore ut eius.
156,Poppy,16,156,black,medium,Quiquia dolor dolor labore porro ipsum dolore.
157,Cali,16,157,spotted,long,Quaerat adipisci amet ut numquam dolorem consectetur.
158,Little-guy,16,158,white,short,Dolore est non ipsum non magnam.
159,Woody,16,159,spotted,medium,Consectetur tempora etincidunt numquam ut adipisci neque.
160,Peanut,16,160,spotted,long,Numquam est labore quisquam eius quiquia tempora neque.
161,Amigo,17,161,spotted,short,Dolor neque labore non consectetur sit voluptatem.
162,Barney,17,162,brown,short,Non dolore etincidunt tempora adipisci quaerat eius.
163,Sally,17,163,spotted,long,Consectetur non non tempora labore quiquia.
164,Chelsea,17,164,spotted,long,Etincidunt sit etincidunt quiquia.
165,Hardy,17,165,black,short,Dolorem consectetur velit sit tempora.
166,Punkin,17,166,brown,long,Magnam aliquam sed magnam.
167,Harley,17,167,orange,short,Eius est quiquia dolorem ipsum quiquia.
168,Clyde,17,168,black,short,Quiquia dolorem consectetur numquam quisquam sed.
169,Winston,17,169,brown,medium,Numquam velit ipsum velit adipisci neque modi.
170,Pockets,17,170,white,long,Etincidunt consectetur quaerat modi non.
171,Chyna,18,171,brown,medium,Magnam sed sed velit consectetur.
172,Hugo,18,172,brown,long,Magnam tempora ipsum magnam.
173,Allie,18,173,black,long,Quaerat quiquia quisquam porro numquam.
174,Claire,18,174,white,medium,Dolore sit dolorem eius.
175,Fiona,18,175,spotted,long,Magnam adipisci amet porro.
176,Guido,18,176,brown,short,Magnam ipsum dolor est labore adipisci adipisci.
177,Axle,18,177,orange,long,Dolor est velit dolorem dolor quisquam dolor.
178,Missie,18,178,black,long,Etincidunt tempora numquam dolor voluptatem numquam ipsum.
179,Toby,18,179,spotted,long,Magnam labore etincidunt eius non.
180,Pugsley,18,180,spotted,short,Quiquia quisquam non magnam sit.
181,Boo-boo,19,181,white,medium,Velit voluptatem sed quaerat etincidunt velit etincidunt dolore.
182,Honey-Bear,19,182,orange,short,Amet dolore neque labore etincidunt labore labore ut.
183,Joe,19,183,black,long,Dolore est adipisci labore neque consectetur quisquam.
184,Koko,19,184,spotted,long,Ipsum eius non eius consectetur numquam.
185,Ajax,19,185,brown,medium,Numquam dolorem ipsum eius neque.
186,Elliot,19,186,spotted,short,Quiquia numquam eius sed quaerat est porro.
187,Tiger,19,187,orange,short,Neque neque dolorem numquam labore est.
188,Parker,19,188,spotted,short,Dolore dolore quisquam eius labore dolore.
189,Clancy,19,189,brown,short,Modi dolore quaerat aliquam.
190,Caesar,19,190,white,long,Magnam magnam labore eius.
191,Tyler,20,191,spotted,medium,Dolorem adipisci velit labore.
192,Puffy,20,192,black,medium,Quiquia amet dolore porro sit ut dolore modi.
193,Jewels,20,193,brown,long,Non aliquam numquam dolore ipsum.
194,Pandora,20,194,brown,medium,Magnam amet labore consectetur quisquam.
195,Yaka,20,195,spotted,short,Velit quiquia numquam aliquam consectetur.
196,Kissy,20,196,black,long,Quiquia ipsum quisquam est aliquam.
197,Porkchop,20,197,spotted,short,Modi tempora magnam quiquia etincidunt.
198,Baxter,20,198,black,medium,Magnam amet ut voluptatem etincidunt voluptatem consectetur.
199,Garfield,20,199,brown,medium,Etincidunt ut neque etincidunt est quiquia quaerat.
200,Jenna,20,200,white,medium,Magnam quaerat etincidunt tempora porro quaerat etincidunt eius.
201,Oreo,21,201,white,short,Non dolor dolor quisquam porro sed.
202,Sam,21,202,spotted,short,Etincidunt adipisci non dolore numquam numquam voluptatem.
203,Elwood,21,203,orange,long,Eius dolor adipisci neque.
204,Chips,21,204,spotted,long,Adipisci tempora non ipsum velit dolor non est.
205,Ginny,21,205,white,short,Amet adipisci dolorem est porro quaerat amet adipisci.
206,Missy,21,206,orange,medium,Velit aliquam aliquam non tempora amet adipisci voluptatem.
207,Snickers,21,207,black,long,Velit ipsum eius voluptatem.
208,Chico,21,208,spotted,long,Tempora non eius non dolore sed.
209,Tucker,21,209,brown,short,Ut quisquam tempora non dolore porro quisquam neque.
210,Tiger,21,210,black,medium,Est tempora sed quisquam sed adipisci eius eius.
211,Beaux,22,211,spotted,medium,Dolor labore quisquam porro tempora.
212,Jessie,22,212,brown,short,Velit adipisci consectetur etincidunt labore neque.
213,Smudge,22,213,spotted,short,Aliquam sed quisquam velit.
214,Claire,22,214,brown,short,Magnam quiquia porro eius sit.
215,Niki,22,215,black,medium,Modi adipisci modi voluptatem.
216,Silvester,22,216,brown,long,Sit consectetur adipisci modi labore est voluptatem.
217,Chucky,22,217,brown,short,Voluptatem quiquia aliquam neque eius aliquam.
218,Haley,22,218,brown,short,Est sit amet dolore ut consectetur.
219,Doc,22,219,white,medium,Est numquam quisquam amet ipsum quisquam dolorem aliquam.
220,Lucifer,22,220,white,short,Quaerat numquam ut adipisci numquam.
221,Rufus,23,221,orange,medium,Quisquam sit amet sit voluptatem.
222,Mandy,23,222,spotted,long,Magnam dolore tempora dolorem consectetur.
223,Wiz,23,223,black,medium,Modi etincidunt modi amet magnam magnam quiquia non.
224,Chance,23,224,brown,short,Est dolor dolore ipsum ut quisquam neque.
225,Toby,23,225,spotted,long,Quisquam modi dolorem amet.
226,Darcy,23,226,spotted,short,Adipisci tempora adipisci voluptatem est sit.
227,Chevy,23,227,orange,short,Voluptatem aliquam adipisci neque sit sed.
228,Cali,23,228,white,long,Labore velit neque dolorem velit labore neque magnam.
229,Kitty,23,229,spotted,short,Ipsum numquam velit ipsum numquam.
230,Mason,23,230,brown,long,Modi ipsum consectetur etincidunt dolor dolor sed.
231,King,24,231,spotted,long,Ut dolorem porro dolore labore etincidunt magnam labore.
232,Fred,24,232,white,medium,Modi tempora adipisci magnam sit.
233,Annie,24,233,orange,long,Ipsum porro quiquia dolore numquam voluptatem eius est.
234,Mercedes,24,234,brown,long,Quaerat dolorem amet quaerat.
235,Spotty,24,235,white,long,Dolorem est eius tempora.
236,Pumpkin,24,236,white,short,Ipsum amet ut eius numquam numquam.
237,Miles,24,237,black,long,Magnam numquam neque quaerat quisquam numquam amet non.
238,Lucifer,24,238,black,long,Sed dolorem dolor velit non aliquam quiquia.
239,Rocky,24,239,spotted,medium,Velit amet modi consectetur labore magnam dolore.
240,Brooke,24,240,black,short,Ut ut labore tempora adipisci non.
241,Nobel,25,241,orange,long,Dolorem magnam modi numquam etincidunt ipsum eius.
242,Bibbles,25,242,black,short,Dolorem tempora etincidunt eius modi dolor neque.
243,Nickie,25,243,spotted,long,Quaerat adipisci consectetur magnam.
244,Barker,25,244,black,medium,Quisquam dolor dolore etincidunt velit velit quisquam sit.
245,Dutchess,25,245,orange,medium,Adipisci est quisquam numquam ipsum neque dolorem tempora.
246,Vito,25,246,black,short,Quisquam aliquam consectetur numquam.
247,Lefty,25,247,white,medium,Velit aliquam velit dolorem eius dolore.
248,Edsel,25,248,black,long,Etincidunt ut est neque quaerat.
249,Scruffy,25,249,spotted,medium,Dolorem dolorem voluptatem velit non.
250,Mouse,25,250,orange,medium,Modi neque labore voluptatem consectetur numquam voluptatem.
251,Nike,26,251,orange,short,Labore voluptatem magnam consectetur ut labore.
252,Chance,26,252,orange,short,Amet tempora modi numquam non quisquam amet.
253,Chucky,26,253,brown,medium,Dolorem labore aliquam adipisci dolore ipsum.
254,Simba,26,254,orange,medium,Dolorem etincidunt amet tempora quisquam velit ut quisquam.
255,Bunky,26,255,white,short,Neque dolor voluptatem dolorem.
256,Jimmy,26,256,white,short,Est consectetur aliquam sit sed eius voluptatem.
257,Fuzzy,26,257,spotted,short,Labore sit numquam numquam.
258,Buddie,26,258,brown,short,Est voluptatem dolorem porro.
259,Yin,26,259,black,medium,Dolor porro est ipsum tempora consectetur tempora.
260,Roxanne,26,260,black,short,Amet quaerat est sed dolorem etincidunt amet.
261,Sissy,27,261,spotted,long,Sit quisquam dolore quaerat adipisci.
262,Bart,27,262,black,short,Sit ut etincidunt neque non consectetur.
263,Montgomery,27,263,orange,medium,Sed porro dolore sit velit dolor.
264,Pinky,27,264,brown,medium,Velit etincidunt velit adipisci ipsum magnam quaerat.
265,Zeus,27,265,orange,medium,Modi ut amet adipisci.
266,Mary,27,266,black,short,Aliquam labore modi velit quisquam.
267,Scooter,27,267,white,short,Consectetur non quisquam ut adipisci voluptatem neque eius.
268,Brando,27,268,white,medium,Amet numquam dolore sit est adipisci consectetur amet.
269,Bb,27,269,spotted,short,Magnam etincidunt amet consectetur amet.
270,Casper,27,270,black,short,Quiquia velit eius modi.
271,Suzy,28,271,black,long,Etincidunt voluptatem eius est ipsum eius.
272,Snuggles,28,272,black,short,Tempora velit porro est ipsum amet non.
273,Bones,28,273,spotted,long,Dolore voluptatem velit dolore.
274,Hanna,28,274,spotted,medium,Magnam etincidunt ipsum quaerat aliquam consectetur.
275,Newton,28,275,brown,short,Etincidunt porro quaerat quaerat ut ipsum aliquam.
276,Misha,28,276,brown,short,Porro etincidunt dolore velit quaerat tempora quaerat.
277,Mitzy,28,277,orange,short,Porro labore adipisci consectetur est aliquam velit.
278,Star,28,278,white,short,Est ipsum quiquia sit amet.
279,Rock,28,279,brown,medium,Numquam numquam magnam adipisci.
280,Chief,28,280,black,medium,Non consectetur voluptatem sed.
281,Ruthie,29,281,black,long,Ut dolor dolore etincidunt labore.
282,Freckles,29,282,black,medium,Amet numquam non non dolore modi tempora.
283,Koda,29,283,spotted,medium,Velit tempora aliquam quaerat adipisci.
284,Tuffy,29,284,black,medium,Eius adipisci porro quisquam magnam modi dolorem quiquia.
285,Smudge,29,285,black,long,Quaerat dolor voluptatem non magnam dolor ut.
286,Harrison,29,286,orange,long,Numquam velit quisquam eius dolore.
287,Sheena,29,287,spotted,long,Porro neque magnam consectetur.
288,Rosie,29,288,orange,long,Consectetur neque magnam non magnam dolorem.
289,Goose,29,289,orange,medium,Quaerat dolore tempora est tempora sed ipsum eius.
290,Teddy,29,290,brown,medium,Ipsum quisquam tempora aliquam aliquam dolor eius labore.
291,Billy,30,291,black,long,Labore est etincidunt velit sed.
292,Dandy,30,292,orange,long,Eius non dolore consectetur sed neque numquam est.
293,Athena,30,293,spotted,medium,Quiquia dolorem neque aliquam dolorem.
294,Hercules,30,294,white,long,Eius non modi adipisci dolorem dolorem etincidunt.
295,Piper,30,295,brown,medium,Magnam ut numquam magnam.
296,Kramer,30,296,white,medium,Sed dolorem eius ut etincidunt.
297,Daffy,30,297,spotted,medium,Non modi eius labore.
298,Dixie,30,298,black,short,Quisquam sed labore magnam labore non.
299,Hoover,30,299,white,long,Amet eius magnam non.
300,Doodles,30,300,spotted,medium,Voluptatem non magnam quaerat.
301,Snickers,31,301,spotted,long,Sit neque etincidunt ipsum porro dolor ut.
302,Blondie,31,302,white,medium,Etincidunt non quaerat sit dolorem adipisci velit sit.
303,Bishop,31,303,orange,short,Sed non quisquam dolor ipsum quisquam adipisci quaerat.
304,Kane,31,304,white,long,Quiquia amet consectetur sed.
305,Biablo,31,305,black,short,Porro ut sed amet aliquam sed consectetur neque.
306,Jolly,31,306,white,short,Quisquam quaerat non adipisci voluptatem magnam.
307,Ernie,31,307,black,medium,Numquam ipsum velit sit velit quisquam labore.
308,Chewie,31,308,white,short,Adipisci magnam quisquam adipisci ipsum.
309,Snuggles,31,309,spotted,medium,Ut aliquam neque aliquam voluptatem non voluptatem adipisci.
310,Atlas,31,310,white,long,Aliquam ipsum consectetur dolorem.
311,June,32,311,brown,long,Quaerat magnam est adipisci.
312,Jaguar,32,312,brown,long,Eius sed consectetur ipsum.
313,Chauncey,32,313,brown,long,Etincidunt quisquam dolore magnam sed tempora.
314,Vito,32,314,white,medium,Magnam labore tempora porro amet magnam.
315,Sawyer,32,315,orange,short,Ipsum adipisci velit eius.
316,Biggie,32,316,brown,medium,Quaerat ut modi est modi.
317,Harley,32,317,orange,medium,Sed numquam ipsum non modi voluptatem quiquia velit.
318,Mitzi,32,318,spotted,medium,Ipsum ut ipsum dolorem sed.
319,Jenny,32,319,white,medium,Quisquam sed quisquam quaerat velit dolorem porro labore.
320,Summer,32,320,spotted,short,Est dolor magnam sed ipsum.
321,Gringo,33,321,spotted,long,Ut aliquam dolorem etincidunt non non.
322,Mona,33,322,spotted,medium,Neque magnam dolore quisquam consectetur porro.
323,Sabine,33,323,spotted,long,Dolorem voluptatem voluptatem amet sit quisquam est amet.
324,Kato,33,324,brown,medium,Voluptatem labore quaerat consectetur consectetur.
325,Sparky,33,325,orange,long,Dolorem amet velit dolor.
326,Mikey,33,326,brown,long,Ut numquam dolor aliquam.
327,Sebastian,33,327,white,short,Dolorem etincidunt labore quaerat numquam quisquam dolorem.
328,Gizmo,33,328,brown,long,Aliquam dolore dolor quisquam quaerat.
329,Jess,33,329,black,short,Amet dolore numquam quaerat labore.
330,Pooch,33,330,spotted,short,Sed dolorem dolor sed dolore ipsum.
331,Trigger,34,331,black,medium,Dolore labore dolore etincidunt.
332,Diesel,34,332,orange,short,Sit ut quiquia magnam voluptatem ipsum ipsum numquam.
333,Rover,34,333,black,short,Magnam quaerat etincidunt etincidunt sit dolor neque ipsum.
334,Butterscotch,34,334,spotted,short,Etincidunt ipsum magnam eius ipsum non.
335,Spotty,34,335,brown,short,Non tempora voluptatem dolorem.
336,Guido,34,336,white,long,Velit dolorem non eius.
337,Yellow,34,337,orange,medium,Modi adipisci ut aliquam.
338,Barker,34,338,brown,long,Sit amet velit neque dolorem est dolor.
339,Jester,34,339,black,medium,Etincidunt amet eius quisquam quiquia sed ut quiquia.
340,Gracie,34,340,white,short,Quaerat magnam amet sed est ipsum porro.
341,Trooper,35,341,spotted,long,Consectetur sed ut tempora tempora amet quisquam consectetur.
342,Dragster,35,342,white,short,Labore ipsum modi aliquam est aliquam sed tempora.
343,Lexi,35,343,orange,long,Amet quaerat adipisci amet modi.
344,Beau,35,344,white,short,Modi ut dolor aliquam sed quisquam est.
345,Muffy,35,345,spotted,short,Magnam porro neque sit velit sed quaerat.
346,Silvester,35,346,white,short,Adipisci amet quaerat aliquam.
347,Ruger,35,347,spotted,short,Ipsum labore est labore modi.
348,Romeo,35,348,brown,long,Ut tempora dolore tempora sed sit.
349,Boone,35,349,white,medium,Quiquia quaerat etincidunt voluptatem voluptatem velit numquam quaerat.
350,Tiggy,35,350,white,long,Sed velit numquam modi neque.
351,Pretty-girl,36,351,black,medium,Magnam sit adipisci non ut neque.
352,Susie-q,36,352,black,long,Etincidunt ut magnam porro ipsum est labore.
353,Eddy,36,353,white,long,Modi ut aliquam dolorem adipisci etincidunt.
354,Gizmo,36,354,spotted,long,Adipisci aliquam ipsum ut dolor.
355,Biablo,36,355,white,medium,Ipsum aliquam tempora ipsum magnam eius.
356,Whiz,36,356,orange,medium,Quisquam est dolorem dolore.
357,Lefty,36,357,black,medium,Quisquam neque quisquam consectetur quaerat aliquam est sit.
358,Babe,36,358,brown,short,Dolore dolore adipisci est quisquam voluptatem.
359,Prince,36,359,black,medium,Sit velit etincidunt etincidunt.
360,Spot,36,360,white,medium,Tempora dolorem modi dolor labore numquam.
361,Ming,37,361,black,medium,Ipsum quiquia consectetur labore neque aliquam.
362,Buzzy,37,362,spotted,medium,Sit sed quisquam velit dolorem consectetur quiquia.
363,Squirt,37,363,white,medium,Ut eius labore neque.
364,Cleopatra,37,364,brown,medium,Sit ipsum dolor porro eius voluptatem numquam porro.
365,Brie,37,365,white,short,Neque magnam est modi neque modi aliquam ipsum.
366,Noel,37,366,spotted,medium,Tempora tempora velit dolor non amet tempora.
367,Yellow,37,367,white,short,Modi eius sed aliquam magnam sit magnam.
368,Wyatt,37,368,brown,medium,Eius numquam ut quiquia aliquam tempora modi.
369,Mouse,37,369,orange,medium,Modi quaerat labore quaerat aliquam magnam porro.
370,May,37,370,orange,short,Ipsum ut sed tempora ipsum magnam dolore est.
371,Mandi,38,371,white,short,Magnam velit numquam dolor ipsum voluptatem ipsum.
372,Dutchess,38,372,orange,short,Etincidunt magnam quiquia consectetur ut quisquam.
373,Tequila,38,373,brown,long,Est labore numquam velit velit dolor voluptatem.
374,Crystal,38,374,white,medium,Est modi aliquam non quaerat neque magnam voluptatem.
375,Jazmie,38,375,black,short,Quisquam quiquia ut aliquam.
376,Edsel,38,376,orange,short,Tempora porro quiquia adipisci.
377,Sierra,38,377,brown,short,Dolor ipsum tempora dolore.
378,Queenie,38,378,white,long,Non numquam ut eius porro.
379,Earl,38,379,spotted,short,Labore dolore aliquam voluptatem est.
380,Troy,38,380,brown,long,Neque tempora adipisci velit amet amet.
381,Nakita,39,381,white,medium,Quaerat quaerat non eius sit est.
382,Bootie,39,382,brown,short,Ipsum numquam porro quaerat non.
383,Bo,39,383,black,long,Ipsum amet etincidunt modi porro sit dolor.
384,Piper,39,384,spotted,short,Porro porro dolorem dolore velit amet ipsum sed.
385,Levi,39,385,black,medium,Etincidunt velit etincidunt dolor non non etincidunt.
386,Rocco,39,386,white,long,Magnam numquam dolore sit sed.
387,Parker,39,387,black,long,Modi porro ut quiquia quaerat dolor dolor amet.
388,Lazarus,39,388,brown,medium,Est sed dolore amet sed.
389,Dinky,39,389,orange,short,Labore velit consectetur quiquia dolorem.
390,Echo,39,390,spotted,long,Tempora aliquam numquam numquam eius ipsum etincidunt.
391,Roxy,40,391,spotted,medium,Neque dolor quisquam quisquam.
392,Hugo,40,392,brown,short,Quisquam porro quisquam aliquam neque quiquia sed quiquia.
393,Xena,40,393,black,short,Ut porro ut velit quisquam.
394,Barney,40,394,white,medium,Quaerat quaerat quisquam consectetur.
395,Bob,40,395,spotted,long,Dolor magnam ipsum consectetur magnam ut tempora.
396,Mitzy,40,396,black,short,Numquam aliquam dolore dolor dolorem non consectetur eius.
397,Pip-squeek,40,397,white,long,Est ipsum magnam eius ipsum labore.
398,Merlin,40,398,spotted,short,Magnam quisquam porro amet dolor consectetur voluptatem.
399,Little-guy,40,399,black,short,Consectetur ut quaerat adipisci dolore ipsum.
400,Milo,40,400,spotted,long,Etincidunt amet ut porro magnam porro.
401,Gringo,41,401,spotted,long,Numquam numquam consectetur porro eius.
402,Piggy,41,402,orange,long,Etincidunt quisquam quiquia numquam quisquam.
403,Billy,41,403,orange,short,Quiquia voluptatem neque velit.
404,Marble,41,404,orange,short,Quiquia non aliquam velit labore sed etincidunt.
405,Tigger,41,405,spotted,long,Ut velit quiquia quaerat etincidunt est quisquam.
406,Peanuts,41,406,white,short,Neque ipsum non est.
407,Pockets,41,407,spotted,short,Quiquia etincidunt est tempora amet dolore quaerat labore.
408,Roxy,41,408,brown,medium,Consectetur modi aliquam consectetur.
409,Humphrey,41,409,brown,medium,Tempora etincidunt sit neque non voluptatem sit.
410,Ginny,41,410,brown,short,Quisquam sed sed quiquia dolor dolore ut.
411,Flint,42,411,orange,medium,Adipisci non ipsum non sit ipsum.
412,Otis,42,412,brown,medium,Dolore adipisci dolor dolorem voluptatem quisquam etincidunt.
413,Pete,42,413,orange,medium,Amet tempora voluptatem modi labore ipsum dolore.
414,Timber,42,414,orange,short,Adipisci etincidunt quaerat ipsum dolor neque porro quiquia.
415,Lazarus,42,415,black,long,Ut sit dolorem numquam sit est consectetur.
416,Pooh-bear,42,416,black,long,Eius labore ipsum ut porro numquam est porro.
417,Ranger,42,417,black,short,Voluptatem consectetur velit consectetur dolore.
418,Thumper,42,418,spotted,long,Ut numquam velit dolore dolorem quiquia.
419,Rocko,42,419,orange,long,Aliquam numquam quaerat aliquam dolore etincidunt quaerat labore.
420,Samson,42,420,white,medium,Dolor est etincidunt sit.
421,Koba,43,421,orange,medium,Est quisquam quisquam sit consectetur.
422,Onyx,43,422,brown,short,Numquam sed labore neque eius.
423,Onyx,43,423,brown,short,Sit amet labore labore dolorem ut.
424,Iris,43,424,brown,short,Sed quaerat dolorem voluptatem adipisci.
425,Aj,43,425,black,medium,Etincidunt quiquia magnam amet amet adipisci labore velit.
426,Pippin,43,426,orange,short,Dolore sed dolorem dolore dolorem est.
427,Tippy,43,427,orange,short,Quaerat dolorem dolorem sit.
428,Gunther,43,428,brown,medium,Modi dolore quaerat tempora neque aliquam dolore neque.
429,Fido,43,429,black,long,Neque quiquia etincidunt quaerat dolorem porro.
430,Claire,43,430,brown,medium,Consectetur amet numquam tempora labore quiquia magnam.
431,Simon,44,431,black,short,Sed neque etincidunt velit eius magnam consectetur.
432,Carley,44,432,brown,medium,Magnam modi quiquia est quisquam amet modi.
433,Ernie,44,433,white,medium,Aliquam labore est etincidunt labore ipsum tempora.
434,Duke,44,434,black,medium,Aliquam quaerat magnam modi sed consectetur ipsum.
435,Holly,44,435,white,short,Sit porro non etincidunt.
436,Ruffer,44,436,black,medium,Adipisci quisquam eius etincidunt ipsum consectetur etincidunt.
437,Athena,44,437,spotted,long,Quiquia porro dolor porro tempora dolorem.
438,Mulligan,44,438,white,long,Tempora ut quaerat dolorem adipisci velit neque etincidunt.
439,Sebastian,44,439,black,medium,Porro quiquia ipsum consectetur.
440,Squeeky,44,440,spotted,medium,Etincidunt dolorem amet amet eius.
441,Nutmeg,45,441,spotted,short,Dolorem quiquia voluptatem ut magnam dolorem ipsum.
442,Nena,45,442,brown,short,Dolor velit aliquam est numquam sit sed.
443,Dee Dee,45,443,black,short,Dolor velit voluptatem velit velit.
444,Newt,45,444,orange,medium,Sed est ipsum adipisci eius.
445,Wolfgang,45,445,black,short,Modi non voluptatem sed.
446,Eifel,45,446,orange,medium,Amet dolore dolorem ut aliquam dolorem.
447,Tippy,45,447,spotted,short,Adipisci quisquam adipisci sed consectetur modi neque.
448,Amy,45,448,brown,long,Ipsum labore sed ut dolore porro dolore.
449,Blossom,45,449,brown,short,Adipisci ipsum ipsum ipsum dolore dolorem quiquia.
450,Sable,45,450,orange,medium,Modi quaerat tempora dolorem non quaerat adipisci.
451,Sasha,46,451,black,long,Ipsum etincidunt neque non dolorem sit eius.
452,Gibson,46,452,black,long,Aliquam consectetur quiquia dolore velit consectetur non neque.
453,Fancy,46,453,spotted,long,Dolor dolor ut non.
454,Dreamer,46,454,spotted,long,Adipisci quaerat quisquam est.
455,Thumper,46,455,black,short,Aliquam modi voluptatem quaerat labore est.
456,Kirby,46,456,black,medium,Magnam aliquam sit ipsum sit aliquam eius magnam.
457,Dylan,46,457,orange,long,Consectetur velit modi ut etincidunt.
458,Butter,46,458,white,medium,Sed neque eius eius.
459,Alex,46,459,brown,medium,Quiquia dolore sit non neque porro voluptatem.
460,Buffie,46,460,spotted,short,Eius quiquia ut ut magnam etincidunt neque velit.
461,Keesha,47,461,white,long,Magnam porro est dolorem.
462,Rocket,47,462,orange,long,Adipisci dolore est dolorem tempora quiquia.
463,Raven,47,463,orange,medium,Modi tempora magnam voluptatem.
464,Destini,47,464,white,medium,Adipisci quiquia eius non dolor aliquam consectetur sit.
465,Newt,47,465,spotted,short,Dolor etincidunt ipsum dolorem.
466,Quincy,47,466,orange,medium,Sed modi neque non ut sed modi velit.
467,Cotton,47,467,black,medium,Adipisci quiquia adipisci eius.
468,Birdie,47,468,orange,medium,Neque ipsum dolorem est amet aliquam numquam.
469,Flash,47,469,brown,long,Velit etincidunt dolor dolor magnam.
470,Allie,47,470,brown,long,Adipisci non est neque magnam sed velit.
471,Pasha,48,471,brown,medium,Consectetur consectetur neque est labore.
472,Lucas,48,472,spotted,medium,Modi voluptatem quaerat labore sit.
473,Floyd,48,473,orange,medium,Non eius non numquam quaerat quaerat.
474,Binky,48,474,brown,short,Amet magnam adipisci ut.
475,Barclay,48,475,spotted,long,Ipsum sit velit amet neque.
476,Sweetie,48,476,spotted,long,Magnam ut etincidunt labore quisquam numquam.
477,Dragster,48,477,brown,medium,Quaerat dolor adipisci voluptatem labore sed ipsum.
478,Emma,48,478,black,short,Numquam adipisci voluptatem est.
479,Carley,48,479,brown,medium,Tempora velit dolore amet dolor.
480,Jesse,48,480,brown,short,Velit consectetur velit ut.
481,Tramp,49,481,spotted,long,Est est aliquam ipsum etincidunt modi eius.
482,Dylan,49,482,spotted,short,Ipsum magnam non amet magnam consectetur adipisci.
483,Erin,49,483,spotted,long,Amet tempora adipisci quaerat labore.
484,Jazz,49,484,black,long,Amet modi numquam eius quiquia sed.
485,Iris,49,485,spotted,long,Dolorem labore amet quiquia adipisci.
486,Buddy,49,486,brown,medium,Dolor amet dolor etincidunt modi voluptatem aliquam quisquam.
487,Shady,49,487,spotted,long,Eius quisquam eius non aliquam sit.
488,Gucci,49,488,white,medium,Neque voluptatem dolorem voluptatem tempora ipsum adipisci neque.
489,Fergie,49,489,spotted,short,Adipisci dolore numquam sed non.
490,Kissy,49,490,orange,long,Dolor eius ipsum etincidunt quisquam.
491,Vinny,50,491,white,long,Sit adipisci dolor numquam voluptatem.
492,Stanley,50,492,spotted,long,Sed amet etincidunt est quiquia.
493,Crystal,50,493,orange,medium,Quisquam non amet ipsum labore.
494,Sassy,50,494,orange,short,Dolore etincidunt quaerat porro etincidunt ut.
495,Gilbert,50,495,spotted,medium,Quaerat eius etincidunt quiquia.
496,Shelby,50,496,orange,long,Eius dolore labore dolor velit est ipsum ipsum.
497,Big Foot,50,497,black,long,Adipisci numquam sed sed magnam ipsum quiquia velit.
498,Moses,50,498,brown,short,Eius est neque amet quaerat.
499,Cookie,50,499,spotted,medium,Amet consectetur consectetur aliquam magnam quaerat modi etincidunt.
500,Darcy,50,500,brown,long,Ut etincidunt aliquam est est magnam aliquam.
501,Rusty,51,501,spotted,short,Quaerat sit velit modi ut dolorem.
502,Sarge,51,502,black,short,Dolore adipisci neque velit non ut sed.
503,Mocha,51,503,black,long,Ut eius dolore est.
504,Jordan,51,504,black,short,Modi porro dolore modi ipsum.
505,Casper,51,505,orange,long,Dolorem quaerat dolor magnam dolore.
506,Presley,51,506,spotted,long,Numquam sed velit consectetur modi quiquia quaerat.
507,Morgan,51,507,orange,medium,Quiquia ut quiquia numquam porro labore quiquia tempora.
508,Izzy,51,508,spotted,medium,Modi quiquia ut quisquam.
509,Pippin,51,509,white,long,Adipisci est velit etincidunt modi.
510,Gromit,51,510,black,long,Tempora quiquia est eius sit tempora adipisci eius.
511,Bacchus,52,511,white,short,Modi amet neque quiquia quaerat velit quisquam.
512,Cole,52,512,white,long,Ipsum dolor eius numquam quaerat.
513,Jackie,52,513,spotted,short,Voluptatem dolor adipisci ut quiquia porro.
514,Trapper,52,514,white,short,Sed adipisci dolorem quiquia modi.
515,Nana,52,515,spotted,long,Ipsum velit quisquam consectetur amet labore neque.
516,Petie,52,516,brown,short,Dolorem porro adipisci voluptatem quiquia ipsum.
517,Sassie,52,517,white,short,Adipisci dolore non eius consectetur tempora.
518,Westie,52,518,spotted,medium,Aliquam dolor eius quaerat est etincidunt.
519,Guinness,52,519,white,long,Adipisci dolor aliquam dolore.
520,Salty,52,520,black,long,Etincidunt sed dolore ut amet aliquam sed.
521,Monster,53,521,orange,short,Amet modi adipisci consectetur.
522,Mia,53,522,orange,short,Magnam ipsum magnam dolor.
523,Katie,53,523,brown,long,Consectetur tempora dolorem consectetur etincidunt.
524,Kenya,53,524,black,medium,Aliquam voluptatem quaerat dolore amet numquam.
525,Kismet,53,525,white,medium,Eius dolor quisquam velit quaerat sit amet.
526,Gizmo,53,526,brown,medium,Neque numquam modi consectetur magnam dolore.
527,Jackie,53,527,white,medium,Labore consectetur aliquam voluptatem magnam ut.
528,Genie,53,528,brown,medium,Velit aliquam eius est.
529,Darcy,53,529,brown,long,Quaerat aliquam quaerat est est etincidunt neque.
530,Jade,53,530,spotted,long,Quaerat est dolore velit.
531,Wally,54,531,white,medium,Neque non sit quiquia.
532,Marley,54,532,brown,long,Adipisci dolor eius sed sed.
533,Princess,54,533,orange,medium,Quisquam sit ipsum sit dolorem adipisci.
534,Chanel,54,534,black,long,Quaerat sit aliquam dolore quisquam ipsum dolore quiquia.
535,Bradley,54,535,brown,short,Ipsum ut quiquia consectetur amet quaerat.
536,Dobie,54,536,brown,medium,Sit quiquia neque modi amet voluptatem etincidunt.
537,Molly,54,537,white,short,Voluptatem quiquia etincidunt adipisci quiquia etincidunt dolorem.
538,Butterscotch,54,538,brown,medium,Neque amet ipsum porro.
539,Tippy,54,539,spotted,medium,Etincidunt porro voluptatem labore tempora ipsum.
540,Jelly-bean,54,540,white,long,Sit velit est quiquia sed labore quiquia ipsum.
541,Ben,55,541,brown,long,Sed magnam est est sed.
542,Misha,55,542,white,long,Sit sit quaerat non modi quiquia voluptatem amet.
543,Nakita,55,543,white,long,Amet non dolor dolor ipsum.
544,Casper,55,544,brown,medium,Quiquia eius quaerat sit.
545,Sophia,55,545,black,medium,Ut quiquia non numquam tempora velit numquam.
546,Ace,55,546,brown,short,Numquam quaerat sit sed sed.
547,Bully,55,547,white,short,Etincidunt etincidunt quisquam porro magnam quaerat dolore consectetur.
548,Gordon,55,548,orange,medium,Non ut voluptatem ipsum est tempora velit eius.
549,Jake,55,549,spotted,medium,Dolorem porro quisquam velit sed.
550,Gabby,55,550,spotted,short,Amet velit est amet ut.
551,Sabine,56,551,black,short,Sed quaerat dolore dolorem quiquia quiquia.
552,Layla,56,552,spotted,long,Ut velit eius labore quaerat sit.
553,Dunn,56,553,black,long,Eius porro sit dolor.
554,Onyx,56,554,orange,medium,Neque adipisci neque consectetur voluptatem.
555,Higgins,56,555,brown,medium,Adipisci sit quisquam labore sed quaerat aliquam.
556,Emily,56,556,black,medium,Tempora tempora non sit magnam porro.
557,Curly,56,557,black,short,Aliquam est dolore eius quisquam dolor labore.
558,Trigger,56,558,black,short,Dolorem ut non aliquam modi tempora ipsum.
559,Gretta,56,559,brown,long,Amet etincidunt etincidunt tempora dolor.
560,Mack,56,560,black,short,Adipisci sed non dolor consectetur modi.
561,Ollie,57,561,white,short,Sit labore neque non tempora dolore.
562,Houdini,57,562,orange,medium,Dolore modi neque amet neque dolore.
563,Crystal,57,563,spotted,medium,Neque quaerat dolore sed adipisci numquam.
564,Jordan,57,564,white,short,Modi dolor porro porro amet etincidunt sit.
565,Valinto,57,565,spotted,long,Quaerat porro labore velit voluptatem sed modi quiquia.
566,Freddy,57,566,black,short,Tempora aliquam labore consectetur tempora neque ut voluptatem.
567,Tiger,57,567,white,long,Ipsum labore sit sit eius aliquam.
568,Barkley,57,568,spotted,short,Aliquam sit quaerat adipisci quiquia tempora adipisci.
569,Butch,57,569,black,short,Neque eius est etincidunt velit etincidunt.
570,Gidget,57,570,black,medium,Eius adipisci est consectetur non.
571,Chauncey,58,571,black,short,Voluptatem labore tempora quaerat sed quiquia quiquia neque.
572,Andy,58,572,brown,medium,Non quaerat non dolor numquam eius dolor.
573,Black-Jack,58,573,white,short,Magnam modi dolor dolorem magnam quisquam velit.
574,Jackpot,58,574,white,medium,Voluptatem numquam amet dolorem.
575,Belle,58,575,spotted,medium,Labore velit quisquam est ipsum adipisci sit quisquam.
576,Bart,58,576,white,long,Quaerat neque numquam quiquia modi sed quiquia.
577,Gringo,58,577,spotted,medium,Amet consectetur tempora ipsum.
578,Wilson,58,578,spotted,medium,Quaerat amet dolor magnam sed labore dolore.
579,Bizzy,58,579,spotted,long,Numquam quiquia numquam eius quiquia amet quaerat.
580,Candy,58,580,orange,medium,Consectetur sed eius quiquia.
581,Toby,59,581,black,long,Sit dolorem sit velit etincidunt non.
582,Otto,59,582,black,medium,Numquam non etincidunt amet.
583,Tommy,59,583,brown,medium,Quaerat ut ut velit dolorem sed labore.
584,Nugget,59,584,brown,medium,Consectetur neque labore amet neque sed.
585,Skittles,59,585,white,medium,Porro magnam velit aliquam voluptatem sit numquam sit.
586,Tex,59,586,orange,short,Adipisci tempora consectetur quaerat amet dolor.
587,Tipper,59,587,spotted,long,Numquam amet modi ut.
588,Velvet,59,588,spotted,short,Sed non quisquam etincidunt consectetur dolore ipsum.
589,Genie,59,589,black,short,Velit amet ipsum non quiquia sed est.
590,Cali,59,590,black,long,Dolorem modi sit etincidunt dolor dolorem.
591,Buzzy,60,591,brown,short,Voluptatem ipsum quisquam sed sit.
592,Pongo,60,592,brown,short,Quisquam adipisci tempora eius.
593,Phoenix,60,593,brown,medium,Velit dolor consectetur non velit.
594,Skip,60,594,orange,short,Consectetur dolore sit numquam.
595,Kerry,60,595,brown,long,Sit amet dolore labore consectetur aliquam consectetur sit.
596,Tex,60,596,black,medium,Sit neque ipsum est.
597,Scottie,60,597,spotted,short,Aliquam est est sit quisquam adipisci quiquia.
598,Pumpkin,60,598,orange,long,Magnam voluptatem aliquam quaerat porro quaerat.
599,Goose,60,599,black,long,Aliquam tempora adipisci porro.
600,Wesley,60,600,white,medium,Quiquia quiquia ipsum aliquam labore consectetur magnam sit.
601,Skeeter,61,601,brown,medium,Quisquam aliquam neque tempora amet.
602,Nosey,61,602,orange,long,Amet sit dolor tempora non ut.
603,Chrissy,61,603,brown,long,Adipisci ipsum consectetur quaerat ipsum est.
604,Nickers,61,604,spotted,long,Porro dolorem quisquam sed.
605,Corky,61,605,black,medium,Eius non quisquam quisquam.
606,Bugsey,61,606,spotted,short,Dolor dolor ut dolorem quiquia etincidunt consectetur labore.
607,Joe,61,607,orange,short,Aliquam aliquam ut modi non.
608,Nikki,61,608,spotted,long,Sed sit ut eius.
609,Louie,61,609,brown,long,Aliquam modi amet adipisci dolor magnam sit.
610,Porter,61,610,spotted,short,Dolorem velit amet ut sit.
611,Tilly,62,611,white,long,Magnam quisquam aliquam eius non sit.
612,Hudson,62,612,spotted,long,Adipisci est adipisci labore.
613,Goldie,62,613,black,long,Aliquam tempora dolorem neque sit velit consectetur.
614,Cujo,62,614,white,short,Labore quiquia magnam dolor sit neque.
615,Diego,62,615,brown,medium,Modi eius modi sit etincidunt.
616,Chester,62,616,orange,medium,Velit amet voluptatem aliquam dolor porro voluptatem sed.
617,Timmy,62,617,white,medium,Voluptatem quisquam sit amet.
618,Newton,62,618,brown,medium,Eius porro sed sed quisquam ut modi.
619,Butchy,62,619,orange,short,Aliquam voluptatem modi est sit.
620,Minnie,62,620,orange,long,Labore ut est voluptatem labore magnam quaerat.
621,Mercedes,63,621,spotted,medium,Labore dolorem amet tempora porro porro.
622,Nala,63,622,spotted,medium,Consectetur modi non neque.
623,Rock,63,623,white,short,Velit neque quaerat tempora ipsum.
624,Patsy,63,624,white,short,Ut dolorem quiquia dolor ipsum ipsum etincidunt etincidunt.
625,Abigail,63,625,orange,medium,Aliquam etincidunt velit neque adipisci velit.
626,Pinto,63,626,brown,long,Quiquia dolor quisquam quaerat.
627,Poppy,63,627,brown,short,Est dolor quaerat magnam labore velit adipisci.
628,Mister,63,628,brown,short,Non modi eius quisquam.
629,Rex,63,629,orange,medium,Sed labore voluptatem aliquam velit tempora labore ut.
630,Binky,63,630,white,long,Ut numquam quiquia quaerat velit velit.
631,Bingo,64,631,spotted,medium,Etincidunt dolore modi non.
632,Jesse James,64,632,black,medium,Dolorem etincidunt voluptatem sit dolore.
633,Bentley,64,633,white,medium,Aliquam tempora neque sed eius sed.
634,Audi,64,634,white,long,Dolorem dolore non eius adipisci.
635,Chase,64,635,brown,short,Quisquam quaerat est eius non dolorem.
636,Ranger,64,636,brown,short,Non magnam modi dolor dolorem quaerat.
637,Beamer,64,637,black,long,Quiquia porro modi non ut etincidunt modi.
638,Bj,64,638,white,long,Quisquam eius est ipsum tempora sit.
639,Tessa,64,639,spotted,long,Numquam eius ut consectetur sed dolore dolor quaerat.
640,Grizzly,64,640,brown,short,Amet tempora quiquia dolorem velit.
641,Thumper,65,641,black,long,Quaerat sed quisquam ut adipisci modi.
642,Earl,65,642,black,short,Tempora ut dolorem adipisci etincidunt aliquam modi eius.
643,Ginny,65,643,brown,long,Porro dolorem adipisci ut dolore neque etincidunt.
644,Gizmo,65,644,white,medium,Tempora amet aliquam etincidunt etincidunt neque.
645,Winnie,65,645,orange,long,Ut labore velit etincidunt adipisci dolorem neque modi.
646,Bullet,65,646,brown,medium,Neque etincidunt voluptatem dolorem consectetur ut porro ipsum.
647,Peanut,65,647,white,long,Neque ut ut dolore sit sed quisquam.
648,Boots,65,648,brown,long,Amet numquam tempora adipisci adipisci.
649,Michael,65,649,brown,medium,Etincidunt labore dolor sit.
650,Red,65,650,black,medium,Ut etincidunt aliquam ut.
651,Tasha,66,651,white,medium,Dolore quaerat est magnam porro dolor magnam tempora.
652,Aldo,66,652,white,short,Modi aliquam amet eius dolorem neque labore non.
653,Gabriella,66,653,brown,short,Adipisci adipisci sed ut modi neque.
654,Shorty,66,654,black,medium,Labore dolorem labore porro quaerat.
655,Gilbert,66,655,black,short,Est numquam neque adipisci ipsum quisquam eius velit.
656,Beanie,66,656,orange,long,Modi dolore eius quisquam.
657,Little-guy,66,657,black,long,Modi tempora amet neque velit numquam amet.
658,Chessie,66,658,orange,medium,Numquam quiquia magnam magnam magnam.
659,Plato,66,659,orange,long,Quisquam quaerat velit tempora adipisci est porro sed.
660,Black-Jack,66,660,white,short,Adipisci est sit modi.
661,Toni,67,661,orange,medium,Numquam sed non adipisci velit.
662,Bosco,67,662,brown,medium,Dolorem sed numquam dolorem.
663,Paddy,67,663,spotted,medium,Magnam sit labore magnam consectetur numquam quiquia quaerat.
664,Bishop,67,664,black,short,Labore dolorem sed numquam sit non labore adipisci.
665,Ruby,67,665,spotted,medium,Dolore porro numquam dolor ipsum porro.
666,Nike,67,666,white,long,Voluptatem ut quiquia quaerat non.
667,Nicky,67,667,black,short,Dolore labore dolor adipisci magnam.
668,Gizmo,67,668,black,short,Dolore labore velit dolor.
669,Clover,67,669,brown,medium,Quiquia quisquam quisquam velit voluptatem numquam modi.
670,Autumn,67,670,black,short,Modi sit dolor non aliquam consectetur ut ipsum.
671,Jimmy,68,671,orange,long,Amet quisquam numquam velit voluptatem modi non.
672,Scarlett,68,672,black,medium,Eius est non velit non tempora porro.
673,Hobbes,68,673,spotted,long,Porro adipisci ut tempora magnam adipisci etincidunt.
674,Nobel,68,674,white,medium,Dolore numquam quaerat dolorem.
675,Lucas,68,675,orange,long,Amet adipisci modi amet quiquia sit.
676,Cyrus,68,676,spotted,long,Velit eius etincidunt magnam est dolorem.
677,Hanna,68,677,white,medium,Quiquia modi dolorem eius.
678,Astro,68,678,orange,medium,Modi non est quisquam modi sit.
679,Jolly,68,679,black,long,Non consectetur consectetur aliquam dolorem ut porro quisquam.
680,Mandi,68,680,orange,short,Ut sit consectetur ipsum modi ipsum.
681,Salem,69,681,white,long,Ut amet eius aliquam porro modi non.
682,Jake,69,682,spotted,long,Ipsum est labore ut porro.
683,Nibby,69,683,white,long,Non velit quiquia magnam dolorem.
684,Flopsy,69,684,black,short,Modi quiquia velit porro magnam dolorem modi.
685,Baby-doll,69,685,black,long,Velit aliquam quiquia ipsum modi sit eius magnam.
686,Cutie-pie,69,686,black,long,Non quisquam modi quiquia porro dolor non.
687,Patricky,69,687,black,short,Velit magnam adipisci tempora magnam est.
688,Whitie,69,688,black,medium,Sit sed numquam quaerat ipsum porro numquam.
689,Mulligan,69,689,brown,medium,Modi neque dolor amet.
690,Dreamer,69,690,brown,short,Sed quiquia etincidunt etincidunt.
691,Precious,70,691,brown,short,Etincidunt amet amet numquam dolore.
692,Destini,70,692,black,long,Sit sit velit eius est.
693,Pippy,70,693,white,long,Sed sit velit ipsum amet numquam sit.
694,Queenie,70,694,orange,long,Quisquam eius modi voluptatem.
695,Zoe,70,695,white,short,Labore dolore porro ipsum amet.
696,Diego,70,696,brown,medium,Consectetur numquam voluptatem voluptatem tempora aliquam.
697,Sienna,70,697,spotted,medium,Eius labore quiquia labore.
698,Thumper,70,698,white,long,Eius ipsum ipsum velit velit.
699,Wilson,70,699,white,medium,Ut adipisci non tempora.
700,Sadie,70,700,orange,long,Labore numquam ut dolor quiquia etincidunt magnam.
701,Sasha,71,701,brown,medium,Aliquam dolor tempora quisquam non modi aliquam.
702,Quincy,71,702,orange,long,Neque neque quiquia amet ipsum adipisci tempora amet.
703,Yaka,71,703,black,long,Non sed porro ipsum.
704,Taffy,71,704,brown,medium,Ipsum consectetur voluptatem eius quisquam sit sit quiquia.
705,Rosa,71,705,spotted,long,Dolore est adipisci labore quiquia.
706,Wesley,71,706,white,long,Sit consectetur sit est quisquam.
707,Gibson,71,707,black,medium,Numquam dolorem porro quaerat tempora est quisquam magnam.
708,Bogey,71,708,black,medium,Tempora dolore quisquam voluptatem velit porro neque.
709,Puffy,71,709,white,medium,Porro quisquam consectetur tempora eius porro.
710,Oliver,71,710,black,short,Ipsum sit non aliquam.
711,Echo,72,711,orange,long,Quisquam dolor neque voluptatem eius modi.
712,Poppy,72,712,brown,short,Ut est neque est.
713,Rhett,72,713,spotted,long,Consectetur eius etincidunt non dolorem ipsum labore est.
714,Skyler,72,714,white,medium,Etincidunt dolore voluptatem voluptatem velit est.
715,Buster-brown,72,715,brown,short,Ipsum labore consectetur neque.
716,Annie,72,716,spotted,long,Amet quaerat ut velit ut labore labore.
717,Cleopatra,72,717,brown,medium,Tempora non tempora quaerat.
718,Charisma,72,718,orange,short,Numquam non est numquam.
719,Freddie,72,719,white,long,Voluptatem velit magnam eius quiquia sit.
720,Ruger,72,720,white,long,Consectetur consectetur ipsum ipsum sed.
721,Ranger,73,721,brown,long,Tempora est etincidunt adipisci ut consectetur non consectetur.
722,Dreamer,73,722,spotted,short,Porro dolor ut quaerat modi numquam velit quaerat.
723,Simone,73,723,white,medium,Ut labore dolor amet quiquia.
724,Boo,73,724,brown,long,Neque dolore amet voluptatem est sit sed.
725,Rocko,73,725,spotted,long,Dolor sit dolore tempora tempora magnam tempora.
726,Kobe,73,726,white,long,Etincidunt ut consectetur quisquam consectetur.
727,Schultz,73,727,brown,short,Ipsum etincidunt est sed tempora modi est.
728,Slinky,73,728,brown,medium,Labore porro dolore adipisci.
729,Mia,73,729,spotted,short,Sit dolor neque non quiquia sed est.
730,Clyde,73,730,brown,short,Porro ut sed amet.
731,Jackie,74,731,brown,medium,Quaerat sit sed dolorem.
732,Vava,74,732,orange,long,Labore sit dolor dolor dolore.
733,Chanel,74,733,spotted,medium,Quaerat tempora voluptatem modi tempora aliquam.
734,Rosa,74,734,orange,short,Velit ipsum amet voluptatem.
735,Tangles,74,735,orange,short,Aliquam magnam eius adipisci.
736,Mandi,74,736,white,long,Eius porro voluptatem amet sit quisquam sed modi.
737,Edgar,74,737,orange,medium,Non numquam quisquam labore est dolorem.
738,Truffles,74,738,brown,long,Consectetur amet voluptatem dolorem.
739,Kitty,74,739,orange,short,Quiquia quaerat eius magnam.
740,Raison,74,740,white,medium,Tempora labore quaerat ipsum amet.
741,Tiki,75,741,spotted,short,Ipsum est adipisci quiquia dolorem dolore.
742,Bunky,75,742,orange,medium,Eius etincidunt est sed.
743,Hammer,75,743,orange,short,Dolore tempora modi velit.
744,Roxy,75,744,orange,medium,Aliquam eius adipisci labore.
745,Gretel,75,745,brown,long,Non ipsum dolor sit.
746,Tiggy,75,746,black,medium,Modi est quisquam numquam.
747,Lady,75,747,spotted,medium,Voluptatem neque aliquam dolore voluptatem adipisci quisquam.
748,Cleo,75,748,orange,medium,Non ipsum amet consectetur quaerat consectetur.
749,Mugsy,75,749,white,short,Velit quaerat dolor quiquia.
750,Iris,75,750,black,short,Eius tempora numquam sit aliquam.
751,Benson,76,751,orange,medium,Eius sit quisquam dolor ut sit.
752,Beamer,76,752,white,medium,Magnam consectetur magnam porro dolorem numquam numquam quisquam.
753,Cricket,76,753,spotted,long,Eius consectetur magnam tempora velit.
754,Kayla,76,754,white,short,Velit quisquam sed non.
755,Chips,76,755,black,long,Numquam modi sed velit.
756,Biggie,76,756,white,long,Magnam non est ut magnam labore.
757,Pokey,76,757,orange,long,Velit dolorem dolore sit neque tempora adipisci consectetur.
758,Brooke,76,758,white,short,Adipisci modi dolore ut non.
759,Kenya,76,759,white,long,Modi magnam porro amet non modi quaerat.
760,Sabrina,76,760,spotted,long,Neque amet numquam quiquia sit est aliquam.
761,Amie,77,761,black,long,Porro non quaerat quaerat adipisci quaerat.
762,Poncho,77,762,spotted,short,Dolore magnam dolore etincidunt numquam neque non.
763,Phoenix,77,763,spotted,long,Tempora tempora dolor dolorem dolore est.
764,Flopsy,77,764,spotted,short,Porro consectetur modi dolor non.
765,Thumper,77,765,spotted,medium,Quisquam tempora magnam dolor.
766,Layla,77,766,orange,short,Non labore consectetur quisquam aliquam.
767,Rollie,77,767,white,long,Sit neque etincidunt quisquam ut adipisci magnam.
768,Cutie-pie,77,768,white,medium,Dolore neque neque modi quaerat adipisci.
769,Rags,77,769,brown,short,Neque eius amet voluptatem dolor sit ut.
770,Trixie,77,770,white,long,Ipsum modi quaerat velit quisquam modi.
771,Alfie,78,771,orange,short,Sit ipsum voluptatem sit ut dolorem consectetur ipsum.
772,Cassis,78,772,white,short,Quisquam non sit sed.
773,Monster,78,773,brown,short,Etincidunt numquam est tempora.
774,Roxy,78,774,white,long,Magnam eius sit ut tempora sed sit modi.
775,Rufus,78,775,spotted,medium,Quaerat sed sit tempora modi.
776,Thelma,78,776,black,short,Dolorem magnam tempora non neque quisquam.
777,Wyatt,78,777,spotted,short,Porro dolore porro consectetur ipsum.
778,Piper,78,778,white,short,Non labore velit sit etincidunt aliquam.
779,Cleo,78,779,brown,long,Velit amet velit consectetur dolore eius.
780,Billy,78,780,brown,long,Velit numquam modi neque.
781,Bj,79,781,spotted,medium,Sit eius magnam quisquam.
782,Peanut,79,782,spotted,medium,Quisquam etincidunt numquam quiquia quiquia.
783,Big Boy,79,783,brown,medium,Dolorem eius etincidunt quiquia.
784,Hamlet,79,784,black,medium,Velit sit ipsum eius.
785,Suzy,79,785,spotted,long,Voluptatem voluptatem dolorem quiquia sit.
786,Figaro,79,786,white,long,Amet ipsum velit dolorem.
787,Cutie-pie,79,787,orange,long,Dolorem quisquam sit sit magnam dolore adipisci.
788,Sawyer,79,788,white,long,Ipsum dolor est neque etincidunt etincidunt labore.
789,Dixie,79,789,brown,short,Sed non quiquia modi velit.
790,Wilson,79,790,orange,long,Dolor est sed amet dolor quiquia.
791,Waddles,80,791,orange,short,Velit quisquam etincidunt quisquam velit voluptatem.
792,Sophie,80,792,orange,medium,Est voluptatem quiquia eius magnam dolor.
793,Scoobie,80,793,brown,medium,Etincidunt neque etincidunt sit dolore eius.
794,Titan,80,794,black,short,Quisquam neque dolorem ut quiquia tempora neque.
795,Bugsey,80,795,white,short,Voluptatem quiquia magnam modi.
796,Sparkle,80,796,spotted,short,Ipsum numquam amet dolor numquam labore neque modi.
797,Mini,80,797,black,short,Quaerat ipsum neque non adipisci est amet amet.
798,Fergie,80,798,white,short,Non labore dolor quiquia.
799,Tank,80,799,white,short,Velit quisquam ut consectetur modi dolorem amet.
800,Hanna,80,800,spotted,short,Dolore labore non aliquam.
801,Paddington,81,801,orange,medium,Ipsum velit eius aliquam velit numquam etincidunt quisquam.
802,Shorty,81,802,brown,short,Quaerat etincidunt adipisci quisquam non.
803,Trouble,81,803,white,short,Porro ipsum adipisci neque modi etincidunt eius.
804,Barker,81,804,spotted,short,Sed velit amet voluptatem neque eius porro.
805,Winter,81,805,orange,long,Dolor non voluptatem etincidunt eius ut velit.
806,Nana,81,806,brown,long,Voluptatem ut dolor aliquam sit.
807,Whiz,81,807,brown,medium,Dolore eius dolorem numquam est.
808,Savannah,81,808,white,short,Eius est labore aliquam eius dolore velit quisquam.
809,Minnie,81,809,spotted,short,Porro non numquam porro sed neque quiquia quiquia.
810,Zack,81,810,spotted,medium,Voluptatem dolore tempora quaerat adipisci numquam dolorem quisquam.
811,Ace,82,811,brown,long,Quiquia quisquam eius ipsum.
812,Sampson,82,812,black,long,Tempora tempora tempora etincidunt.
813,Georgie,82,813,black,long,Sed ipsum amet non non dolor sit aliquam.
814,Smoke,82,814,spotted,long,Neque aliquam adipisci etincidunt aliquam.
815,Roxanne,82,815,white,short,Adipisci labore quisquam voluptatem sit amet ipsum velit.
816,Shady,82,816,black,long,Non amet quisquam velit.
817,Pickles,82,817,black,short,Magnam dolor tempora etincidunt.
818,Salem,82,818,black,medium,Voluptatem ut eius aliquam.
819,Miss Priss,82,819,orange,long,Tempora tempora numquam aliquam est.
820,Pink Panther,82,820,white,medium,Dolore quisquam aliquam dolor voluptatem.
821,Bb,83,821,orange,long,Sed numquam labore modi ipsum.
822,Flopsy,83,822,orange,medium,Etincidunt magnam dolor dolore quiquia eius sed.
823,Beauty,83,823,black,long,Dolore magnam labore velit neque.
824,Boone,83,824,spotted,medium,Numquam tempora aliquam ipsum numquam magnam neque.
825,Copper,83,825,brown,long,Sed magnam dolor numquam numquam.
826,Dolly,83,826,white,short,Sed amet velit aliquam sed consectetur porro voluptatem.
827,Barclay,83,827,white,medium,Tempora etincidunt modi labore neque dolorem eius.
828,Dante,83,828,orange,short,Aliquam sed quaerat numquam aliquam aliquam.
829,Ruger,83,829,white,medium,Consectetur numquam porro adipisci neque velit consectetur modi.
830,Kayla,83,830,brown,long,Sit ipsum tempora consectetur numquam.
831,Kujo,84,831,black,short,Tempora labore aliquam magnam.
832,Freeway,84,832,brown,short,Est neque adipisci voluptatem quiquia amet.
833,Bozley,84,833,spotted,long,Dolore voluptatem dolorem est.
834,April,84,834,black,short,Porro quiquia quiquia dolorem eius aliquam ipsum.
835,Beau,84,835,brown,long,Sit velit etincidunt non.
836,Oliver,84,836,brown,medium,Dolore labore est etincidunt consectetur.
837,Fifi,84,837,white,long,Amet quiquia sit amet.
838,Crackers,84,838,brown,long,Ut numquam ut adipisci non.
839,Pooh,84,839,brown,long,Adipisci dolore magnam quisquam.
840,Dempsey,84,840,black,long,Magnam aliquam quisquam voluptatem porro.
841,Roman,85,841,orange,long,Consectetur eius dolorem neque neque numquam voluptatem voluptatem.
842,Buttons,85,842,brown,medium,Modi labore tempora magnam consectetur aliquam consectetur.
843,Buttons,85,843,white,short,Etincidunt eius neque porro dolore quaerat consectetur quiquia.
844,Sassy,85,844,white,long,Eius amet sit porro.
845,Olive,85,845,black,short,Eius porro non non sit sit quiquia.
846,Tramp,85,846,black,long,Consectetur consectetur voluptatem consectetur sed sed tempora.
847,Sally,85,847,orange,medium,Aliquam dolorem sit numquam velit aliquam porro amet.
848,Oliver,85,848,orange,short,Velit ut sed labore.
849,Ferris,85,849,black,medium,Dolore labore quisquam dolorem voluptatem.
850,Callie,85,850,black,long,Quiquia consectetur sit quaerat ipsum.
851,Savannah,86,851,black,short,Dolorem non magnam sed numquam dolor porro magnam.
852,Pirate,86,852,brown,short,Ipsum eius ipsum modi voluptatem.
853,Mocha,86,853,spotted,medium,Magnam ipsum quaerat porro ipsum sed.
854,Brutus,86,854,white,medium,Dolore ut porro etincidunt amet quaerat.
855,Jersey,86,855,orange,medium,Ut sit non consectetur ipsum ipsum amet dolor.
856,Barker,86,856,black,short,Velit sit voluptatem numquam.
857,Mister,86,857,black,short,Numquam ut sed voluptatem quiquia dolore.
858,Lexi,86,858,brown,long,Numquam non consectetur aliquam numquam magnam eius labore.
859,Buffy,86,859,white,medium,Est adipisci dolorem consectetur numquam dolor dolorem velit.
860,Comet,86,860,orange,medium,Magnam neque neque est tempora magnam eius aliquam.
861,Shasta,87,861,orange,long,Tempora velit magnam modi quaerat amet voluptatem.
862,Patches,87,862,spotted,short,Velit est non sed tempora neque modi.
863,Piper,87,863,brown,medium,Neque quaerat tempora labore non.
864,Pumpkin,87,864,brown,short,Non ipsum quisquam adipisci neque.
865,Maxine,87,865,spotted,medium,Aliquam ut magnam modi velit neque.
866,Turner,87,866,white,long,Sit dolorem numquam magnam neque.
867,Shasta,87,867,spotted,medium,Velit dolor ipsum numquam.
868,Yaka,87,868,brown,long,Adipisci ut modi dolore amet non ipsum.
869,Oreo,87,869,white,medium,Magnam neque sed ipsum neque.
870,Hallie,87,870,brown,short,Modi ipsum magnam quaerat consectetur quisquam.
871,Truffles,88,871,white,short,Ut eius ut dolorem.
872,Tabetha,88,872,white,medium,Neque labore sed voluptatem voluptatem aliquam amet.
873,Sage,88,873,spotted,long,Eius numquam quiquia sed ipsum.
874,Marble,88,874,orange,long,Quaerat consectetur consectetur eius consectetur.
875,Cheyenne,88,875,white,medium,Quiquia neque velit amet.
876,Doc,88,876,white,medium,Quiquia sit porro magnam etincidunt modi sit.
877,Macintosh,88,877,white,short,Quiquia adipisci velit dolor sit ipsum sit.
878,Guinness,88,878,spotted,medium,Voluptatem ipsum aliquam adipisci consectetur dolorem dolorem.
879,Cisco,88,879,black,medium,Dolorem porro labore magnam non sit etincidunt.
880,Kelsey,88,880,spotted,long,Quiquia magnam voluptatem amet velit magnam magnam numquam.
881,Buttons,89,881,white,long,Numquam magnam dolore numquam aliquam est.
882,Sage,89,882,orange,long,Dolorem etincidunt est porro quaerat ipsum.
883,Patches,89,883,spotted,short,Sit aliquam non aliquam sit.
884,Nathan,89,884,brown,short,Quaerat quaerat quisquam tempora.
885,Ginny,89,885,white,short,Sit eius ipsum voluptatem quaerat ipsum velit velit.
886,Ernie,89,886,black,short,Quisquam neque dolore ipsum etincidunt.
887,Sawyer,89,887,brown,medium,Adipisci aliquam tempora ut quaerat etincidunt est.
888,Cricket,89,888,white,medium,Amet voluptatem ut aliquam.
889,Doggonâ€™,89,889,brown,short,Porro dolorem neque numquam modi eius tempora.
890,Bitsy,89,890,orange,long,Quiquia sit numquam tempora neque etincidunt modi velit.
891,Rosa,90,891,white,medium,Amet est tempora est est quaerat quaerat.
892,Maverick,90,892,black,short,Quisquam eius amet quisquam quaerat modi consectetur magnam.
893,Capone,90,893,black,long,Magnam porro porro dolor consectetur velit tempora.
894,Rusty,90,894,black,medium,Quaerat labore labore sed velit est.
895,Sebastian,90,895,brown,medium,Adipisci neque voluptatem tempora tempora dolore.
896,Mindy,90,896,brown,medium,Magnam neque porro adipisci ut labore neque consectetur.
897,Axle,90,897,spotted,medium,Non dolorem magnam aliquam.
898,Itsy-bitsy,90,898,orange,long,Ut sit neque sit consectetur eius.
899,Mugsy,90,899,black,short,Magnam modi modi modi ut eius modi.
900,Hobbes,90,900,black,long,Amet amet porro quisquam quaerat numquam ipsum.
901,Wags,91,901,white,short,Neque dolorem ut dolorem consectetur dolorem magnam quisquam.
902,Wallace,91,902,white,medium,Adipisci dolorem aliquam dolorem.
903,Bandit,91,903,orange,medium,Eius modi sed aliquam.
904,Jethro,91,904,white,medium,Neque non modi ut.
905,Gizmo,91,905,orange,medium,Sit numquam etincidunt dolorem dolor dolorem magnam numquam.
906,Dreamer,91,906,brown,long,Amet aliquam non sed velit quiquia ipsum dolore.
907,Shorty,91,907,brown,long,Eius quiquia est neque quiquia neque.
908,Thumper,91,908,spotted,short,Neque numquam dolorem voluptatem etincidunt amet labore.
909,Cisco,91,909,white,medium,Voluptatem est neque adipisci porro adipisci eius dolore.
910,Buddie,91,910,spotted,long,Non ut consectetur magnam porro numquam.
911,Kyra,92,911,brown,medium,Amet dolorem tempora adipisci non voluptatem.
912,Itsy,92,912,black,short,Tempora ipsum sit adipisci tempora labore velit sit.
913,Chester,92,913,orange,short,Tempora sed sit quiquia quisquam.
914,Bacchus,92,914,orange,medium,Non voluptatem eius tempora labore consectetur amet velit.
915,Nestle,92,915,white,short,Magnam velit aliquam ut.
916,Harry,92,916,orange,medium,Modi est ut ut quisquam dolore.
917,Elwood,92,917,brown,long,Non amet velit modi aliquam tempora aliquam.
918,Simone,92,918,brown,long,Neque aliquam etincidunt quiquia sit velit sed amet.
919,Turner,92,919,spotted,short,Adipisci magnam amet aliquam.
920,Jenny,92,920,white,short,Voluptatem velit consectetur porro dolore sed aliquam.
921,Alf,93,921,orange,medium,Dolor ipsum quisquam numquam eius adipisci dolore dolore.
922,Jersey,93,922,orange,medium,Numquam dolore voluptatem quaerat voluptatem eius dolore.
923,Dots,93,923,orange,medium,Voluptatem velit quisquam labore non dolorem eius.
924,Picasso,93,924,brown,short,Dolorem numquam voluptatem sit quisquam quaerat est.
925,Ajax,93,925,brown,medium,Sit tempora quiquia velit quisquam.
926,Sky,93,926,black,long,Quiquia dolorem adipisci numquam dolor.
927,Amie,93,927,spotted,long,Ut tempora porro tempora magnam non quaerat.
928,Vinny,93,928,brown,medium,Neque non modi adipisci est.
929,Kane,93,929,orange,short,Amet amet consectetur non voluptatem quisquam magnam.
930,Kobe,93,930,spotted,medium,Dolore velit neque magnam dolor dolor labore voluptatem.
931,Dodger,94,931,brown,medium,Labore est labore adipisci.
932,Ruby,94,932,spotted,medium,Numquam non etincidunt quisquam.
933,Grover,94,933,white,short,Labore dolor porro labore.
934,Mercedes,94,934,black,short,Sit tempora quaerat porro etincidunt voluptatem labore ut.
935,Tessa,94,935,spotted,long,Neque modi dolore voluptatem dolor dolor magnam.
936,Kurly,94,936,brown,short,Quaerat etincidunt sed quiquia adipisci voluptatem modi.
937,Squeeky,94,937,spotted,long,Consectetur amet est etincidunt dolor velit.
938,Emma,94,938,orange,long,Sed neque sed ut quiquia voluptatem.
939,Penny,94,939,white,medium,Magnam quiquia numquam neque dolor labore est.
940,Dunn,94,940,black,medium,Dolorem est tempora adipisci consectetur non labore est.
941,Benson,95,941,white,short,Porro quiquia est neque magnam ut adipisci sit.
942,Major,95,942,black,short,Tempora ipsum porro quaerat numquam est.
943,Pippin,95,943,orange,medium,Consectetur ut adipisci dolore.
944,Toots,95,944,brown,medium,Labore quisquam quiquia numquam dolore.
945,Boo-boo,95,945,spotted,short,Ut etincidunt voluptatem numquam numquam dolore aliquam.
946,Queenie,95,946,spotted,short,Neque amet eius velit.
947,Ozzy,95,947,orange,medium,Numquam voluptatem voluptatem tempora sed porro.
948,Zeus,95,948,spotted,long,Sit sed velit consectetur tempora dolor.
949,Snoopy,95,949,white,short,Ipsum amet quiquia sed numquam sed sed.
950,Lefty,95,950,orange,short,Tempora consectetur quaerat sed dolorem quiquia dolore.
951,Barney,96,951,brown,short,Dolorem voluptatem modi consectetur dolorem quaerat quisquam ut.
952,Haley,96,952,spotted,long,Velit eius quaerat ipsum ipsum dolorem dolor labore.
953,Jade,96,953,orange,medium,Neque est est dolorem dolore quisquam.
954,Levi,96,954,orange,long,Non quisquam quisquam eius quisquam.
955,Stink,96,955,orange,medium,Voluptatem velit ipsum etincidunt magnam porro.
956,Velvet,96,956,orange,medium,Quaerat quaerat non etincidunt aliquam porro sit.
957,Jenny,96,957,black,medium,Numquam est voluptatem ipsum adipisci quiquia amet.
958,Eddy,96,958,spotted,short,Eius quisquam eius numquam est.
959,Polly,96,959,black,long,Magnam labore eius sed velit.
960,Romeo,96,960,orange,short,Dolorem adipisci quaerat adipisci.
961,Carley,97,961,brown,medium,Dolor labore voluptatem labore est non labore numquam.
962,Dante,97,962,spotted,long,Non amet velit dolore.
963,Booster,97,963,brown,short,Etincidunt quaerat sed magnam adipisci etincidunt non.
964,Ashes,97,964,black,medium,Est quiquia sit numquam neque dolorem etincidunt labore.
965,Timmy,97,965,orange,short,Est modi est porro eius etincidunt voluptatem dolore.
966,Casper,97,966,white,medium,Labore dolorem sit numquam adipisci est aliquam.
967,Kyra,97,967,brown,long,Ipsum non voluptatem quiquia.
968,Louie,97,968,orange,long,Consectetur consectetur magnam eius velit quisquam voluptatem.
969,Casey,97,969,spotted,medium,Porro neque non ipsum.
970,Missie,97,970,spotted,short,Neque non modi ipsum velit porro modi.
971,Champ,98,971,brown,short,Tempora eius ut quaerat neque dolorem ut.
972,Keesha,98,972,white,medium,Non sed sit dolorem porro quisquam velit dolor.
973,Vinny,98,973,white,short,Amet etincidunt velit ipsum labore neque.
974,Keesha,98,974,orange,medium,Modi tempora quaerat labore.
975,Casey,98,975,brown,medium,Amet porro ut velit labore ut.
976,Gilda,98,976,black,medium,Non numquam labore eius voluptatem.
977,Missie,98,977,black,long,Tempora magnam ut ipsum amet consectetur sed est.
978,Boris,98,978,black,medium,Etincidunt numquam neque voluptatem consectetur neque eius.
979,Capone,98,979,black,medium,Labore voluptatem tempora quisquam neque adipisci.
980,Butchy,98,980,black,medium,Porro neque magnam velit dolor.
981,Ruby,99,981,brown,short,Ut eius numquam quiquia.
982,Sly,99,982,brown,short,Est labore porro sed sit quaerat dolor.
983,Hoover,99,983,white,short,Quaerat consectetur voluptatem dolore adipisci dolor.
984,Cole,99,984,spotted,medium,Modi tempora modi labore eius dolor quiquia.
985,Silvester,99,985,white,long,Quiquia labore est neque est quaerat quiquia.
986,Lexi,99,986,brown,short,Quaerat sed voluptatem magnam adipisci velit.
987,Sawyer,99,987,spotted,medium,Eius ut sit non quiquia non non consectetur.
988,Paris,99,988,white,medium,Amet velit sed quisquam.
989,Jerry,99,989,black,short,Quaerat voluptatem adipisci non ut adipisci adipisci.
990,Shadow,99,990,orange,long,Ipsum modi quaerat voluptatem magnam.
991,Dewey,100,991,orange,short,Quisquam ut numquam porro labore velit sed labore.
992,Major,100,992,orange,medium,Magnam modi numquam quaerat dolore amet.
993,Gibson,100,993,orange,medium,Quiquia dolore tempora quaerat voluptatem eius numquam ipsum.
994,Tito,100,994,spotted,medium,Numquam modi velit eius neque magnam neque tempora.
995,Tristan,100,995,white,long,Modi velit porro labore.
996,Giant,100,996,brown,long,Consectetur ut numquam modi velit etincidunt sed aliquam.
997,Giant,100,997,black,medium,Ut quaerat numquam est aliquam amet ipsum dolore.
998,Spud,100,998,spotted,long,Neque eius etincidunt sed amet.
999,Fonzie,100,999,spotted,medium,Dolore consectetur porro modi voluptatem.
1000,Tigger,100,1000,black,short,Etincidunt est ipsum aliquam ut modi.
