1,1,0,Unknown,11,Breeder,0
2,1,4,Unknown,14,Breeder,0
3,1,12,Himalayan,14,Breeder,0
4,0,11,Tibetan Mastiff,22,Rescue,0
5,0,0,Mutt,6,Rescue,0
6,0,18,Irish Wolfhound,18,Rescue,0
7,0,12,Mastiff,10,Rescue,0
8,0,2,Mutt,9,Rescue,0
9,1,18,Unknown,7,Shelter,0
10,1,5,Unknown,7,Breeder,0
11,1,0,Russian Blue,6,Rescue,0
12,0,6,Kerry Blue Terrier,25,Breeder,0
13,1,5,Maine Coon,7,Breeder,0
14,0,16,Belgian Shepherd Dog Groenendael,16,Breeder,0
15,0,3,Schnauzer Miniature,13,Breeder,0
16,1,6,Abyssinian,14,Shelter,0
17,1,20,Turkish Van,6,Rescue,0
18,0,1,Schnauzer Miniature,12,Rescue,0
19,0,10,Mutt,18,Shelter,0
20,1,1,Unknown,6,Rescue,0
21,1,7,Cornish Rex,6,Rescue,0
22,0,6,Schnauzer Miniature,13,Shelter,0
23,0,8,Portuguese Water Dog,21,Shelter,0
24,1,9,Unknown,6,Breeder,0
25,1,4,Unknown,6,Shelter,0
26,0,15,Schnauzer Miniature,17,Breeder,0
27,0,20,German Short-Haired Pointer,10,Shelter,1
28,1,17,Unknown,7,Shelter,1
29,1,10,Unknown,13,Shelter,0
30,1,3,Unknown,6,Breeder,0
31,0,4,Mutt,20,Shelter,0
32,1,13,Maine Coon,17,Rescue,0
33,1,18,Unknown,12,Breeder,0
34,1,1,Unknown,8,Shelter,0
35,1,15,Unknown,18,Shelter,0
36,1,3,Unknown,6,Rescue,0
37,1,10,Cornish Rex,10,Breeder,0
38,1,13,Maine Coon,13,Shelter,0
39,0,1,Mutt,9,Breeder,0
40,1,4,Unknown,5,Rescue,0
41,0,3,Hungarian Vizsla,5,Rescue,0
42,0,17,Mutt,18,Rescue,0
43,0,20,Mutt,20,Breeder,0
44,1,3,Abyssinian,8,Shelter,0
45,1,9,Unknown,16,Rescue,0
46,0,20,Cairn Terrier,17,Breeder,0
47,1,1,Russian Blue,12,Shelter,0
48,0,9,Briard,17,Rescue,0
49,0,5,Sussex Spaniel,21,Rescue,0
50,1,19,Unknown,13,Breeder,0
51,0,17,Mutt,7,Rescue,0
52,0,7,Ibizan Hound,22,Breeder,0
53,0,3,Mutt,11,Shelter,0
54,0,12,Portuguese Water Dog,25,Rescue,0
55,0,17,Mutt,22,Rescue,0
56,1,15,Cornish Rex,5,Breeder,0
57,1,18,Siamese,15,Shelter,0
58,0,0,Mutt,6,Rescue,0
59,0,5,Chihuahua (Smooth Coat),17,Rescue,0
60,1,8,Cornish Rex,5,Rescue,0
61,1,4,Persian,17,Breeder,0
62,1,2,Turkish Van,13,Shelter,0
63,0,14,Mutt,12,Shelter,0
64,0,10,Manchester Terrier,11,Rescue,0
65,1,8,Siamese,17,Shelter,0
66,0,10,Mutt,19,Rescue,0
67,1,2,Russian Blue,16,Breeder,0
68,0,0,Mutt,6,Breeder,0
69,1,3,Unknown,5,Shelter,0
70,0,17,Mutt,15,Breeder,0
71,0,8,Mutt,19,Breeder,0
72,1,5,Turkish Angora,11,Rescue,0
73,0,10,Mutt,23,Breeder,0
74,1,11,Siamese,18,Breeder,0
75,0,17,Mutt,9,Breeder,0
76,1,16,Unknown,5,Rescue,0
77,0,12,Hungarian Wire-Haired Vizsla,18,Shelter,0
78,0,0,Tenterfield Terrier,7,Shelter,0
79,1,12,Scottish Fold,7,Breeder,0
80,0,19,Welsh Corgi (Pembroke),20,Breeder,0
81,1,13,Unknown,16,Breeder,0
82,1,1,Unknown,12,Shelter,0
83,1,10,Scottish Fold,7,Breeder,0
84,1,5,Burmese,6,Shelter,0
85,0,2,Mutt,22,Rescue,0
86,0,14,Mutt,23,Rescue,0
87,1,5,Unknown,10,Shelter,0
88,1,10,Unknown,9,Shelter,0
89,1,6,Devon Rex,7,Breeder,0
90,0,12,Beagle,13,Shelter,0
91,0,9,Mutt,16,Shelter,0
92,1,10,Unknown,18,Rescue,0
93,1,11,Unknown,16,Shelter,1
94,1,9,Manx,18,Shelter,0
95,0,13,Mutt,12,Breeder,0
96,0,8,Mutt,7,Rescue,0
97,1,18,Burmese,18,Shelter,0
98,0,11,Poodle Miniature,6,Breeder,0
99,1,11,Abyssinian,17,Rescue,0
100,1,14,Unknown,17,Rescue,0
101,0,1,Mutt,23,Rescue,0
102,1,12,Persian,17,Breeder,0
103,1,5,Unknown,9,Shelter,0
104,0,2,Mutt,22,Shelter,0
105,1,4,Unknown,10,Breeder,0
106,1,13,Unknown,9,Rescue,0
107,0,3,Cesky Terrier,21,Breeder,0
108,1,15,Unknown,10,Breeder,1
109,1,8,Sphynx,10,Breeder,0
110,1,10,British Shorthair,12,Rescue,1
111,0,11,Mutt,12,Shelter,0
112,0,12,Mutt,16,Breeder,0
113,0,15,Mutt,24,Breeder,0
114,1,17,Unknown,8,Shelter,0
115,1,7,Scottish Fold,13,Breeder,0
116,1,7,Burmese,9,Rescue,0
117,0,5,Mutt,16,Shelter,0
118,0,2,Mutt,7,Shelter,0
119,1,18,Unknown,17,Breeder,0
120,0,16,Irish Water Spaniel,8,Rescue,0
121,1,14,Manx,9,Shelter,0
122,1,12,Unknown,5,Rescue,0
123,1,20,British Shorthair,18,Rescue,0
124,1,9,Persian,10,Shelter,0
125,0,4,Mutt,7,Shelter,0
126,1,20,British Shorthair,16,Shelter,0
127,0,17,Beagle,21,Breeder,0
128,0,14,Mutt,7,Breeder,0
129,1,18,Sphynx,8,Breeder,0
130,1,7,Unknown,7,Rescue,0
131,0,16,Mutt,20,Breeder,0
132,1,19,Unknown,16,Shelter,0
133,0,15,Dandie Dinmont Terrier,6,Rescue,0
134,0,17,Hungarian Wire-Haired Vizsla,16,Rescue,0
135,1,20,Unknown,9,Shelter,0
136,0,18,Norfolk Terrier,25,Rescue,0
137,0,9,Mutt,9,Breeder,1
138,0,12,Mutt,7,Breeder,0
139,1,12,Unknown,7,Shelter,0
140,0,16,Field Spaniel,8,Shelter,0
141,1,16,British Shorthair,18,Rescue,0
142,0,19,Australian Terrier,22,Shelter,0
143,1,13,Unknown,7,Shelter,0
144,1,19,Siamese,13,Rescue,0
145,0,3,Soft Coated Wheaten Terrier,17,Rescue,0
146,1,1,Unknown,8,Rescue,0
147,1,6,Burmese,16,Rescue,0
148,1,11,Unknown,18,Shelter,0
149,1,6,Unknown,8,Rescue,0
150,1,20,Unknown,7,Shelter,0
151,1,20,Siamese,8,Breeder,0
152,0,1,Welsh Terrier,20,Breeder,0
153,1,8,British Shorthair,13,Breeder,0
154,1,11,Unknown,9,Rescue,0
155,0,7,Mutt,21,Rescue,0
156,0,12,Leonberger,9,Shelter,0
157,1,14,Sphynx,16,Rescue,0
158,1,14,Cornish Rex,17,Breeder,0
159,1,3,Unknown,17,Shelter,0
160,1,18,Siamese,10,Shelter,0
161,0,12,Mutt,13,Breeder,0
162,0,8,Keeshond,10,Rescue,0
163,1,16,Unknown,15,Breeder,0
164,1,7,Unknown,8,Rescue,0
165,0,11,Gordon Setter,14,Breeder,0
166,0,18,Mutt,9,Breeder,0
167,0,11,Schipperke,6,Rescue,0
168,0,13,English Toy Terrier (Black & Tan),20,Shelter,0
169,1,2,Burmese,10,Shelter,0
170,1,10,Unknown,12,Rescue,0
171,0,3,Mutt,9,Breeder,0
172,1,1,Manx,15,Rescue,0
173,0,6,Mutt,13,Breeder,0
174,1,13,Manx,16,Shelter,0
175,0,4,Mutt,18,Breeder,0
176,0,17,Mutt,11,Rescue,0
177,1,8,Unknown,17,Rescue,0
178,0,2,Schipperke,5,Rescue,0
179,1,2,Unknown,7,Shelter,0
180,0,2,Mutt,24,Rescue,0
181,0,20,French Bulldog,20,Shelter,0
182,1,5,Turkish Angora,10,Breeder,0
183,1,1,British Shorthair,7,Breeder,0
184,1,13,Unknown,16,Breeder,0
185,1,20,Unknown,18,Rescue,0
186,0,4,Mutt,15,Rescue,0
187,1,5,Unknown,15,Rescue,0
188,1,7,Maine Coon,6,Breeder,0
189,0,11,Schipperke,8,Breeder,0
190,1,5,Abyssinian,9,Rescue,0
191,1,18,Unknown,9,Breeder,0
192,1,11,Scottish Fold,7,Rescue,0
193,1,10,Russian Blue,14,Breeder,0
194,0,7,Mutt,22,Shelter,0
195,0,5,Mutt,18,Rescue,0
196,0,19,Mutt,21,Breeder,0
197,1,3,Unknown,14,Breeder,0
198,1,5,Unknown,8,Rescue,1
199,0,13,Poodle Miniature,12,Breeder,0
200,0,5,Airedale Terrier,5,Rescue,0
201,0,16,Bedlington Terrier,25,Breeder,0
202,0,6,Flat-Coated Retriever,23,Breeder,0
203,0,11,Pharaoh Hound,10,Shelter,0
204,1,13,Siamese,16,Rescue,0
205,1,4,Persian,14,Rescue,0
206,1,13,Unknown,11,Breeder,0
207,0,1,Mutt,24,Rescue,0
208,0,2,Mutt,18,Breeder,0
209,1,4,Abyssinian,18,Shelter,0
210,1,14,Devon Rex,8,Rescue,0
211,1,15,Unknown,14,Shelter,0
212,0,16,Mutt,22,Breeder,0
213,1,10,Unknown,17,Rescue,0
214,1,5,Unknown,17,Shelter,0
215,0,5,Mutt,8,Breeder,0
216,1,0,Scottish Fold,11,Rescue,0
217,0,19,Lakeland Terrier,7,Rescue,0
218,0,15,Mutt,13,Shelter,0
219,1,13,Unknown,17,Breeder,0
220,0,4,Welsh Corgi (Cardigan),17,Rescue,0
221,1,14,Turkish Van,10,Rescue,0
222,1,8,Unknown,5,Shelter,0
223,1,1,Maine Coon,5,Shelter,1
224,0,5,Affenpinscher,22,Breeder,0
225,1,1,Cornish Rex,8,Shelter,0
226,1,16,Unknown,8,Rescue,0
227,1,3,Unknown,14,Rescue,0
228,0,16,Mutt,12,Rescue,0
229,1,13,Maine Coon,8,Rescue,0
230,1,5,British Shorthair,9,Shelter,0
231,0,18,Bichon Frise,5,Breeder,0
232,0,5,Tibetan Mastiff,23,Breeder,0
233,1,10,Unknown,9,Breeder,0
234,1,0,Sphynx,17,Shelter,0
235,0,5,Cairn Terrier,10,Breeder,0
236,1,12,Maine Coon,16,Breeder,0
237,0,11,Mutt,16,Breeder,1
238,0,18,Japanese Akita,10,Rescue,0
239,0,17,Harrier Hound,24,Breeder,0
240,0,14,Mutt,7,Breeder,0
241,1,5,Unknown,15,Rescue,0
242,0,15,Fox Terrier Wire Coat,16,Breeder,0
243,1,6,Unknown,6,Breeder,0
244,0,15,Mutt,16,Breeder,0
245,0,3,Shetland Sheepdog,14,Breeder,0
246,1,13,Unknown,8,Shelter,0
247,0,18,Pointer,18,Rescue,0
248,0,0,Welsh Springer Spaniel,12,Rescue,0
249,0,8,Mutt,13,Breeder,0
250,1,0,Turkish Van,14,Shelter,0
251,1,14,Unknown,9,Rescue,0
252,0,18,Alaskan Malamute,23,Shelter,0
253,0,16,Rottweiler,11,Rescue,0
254,1,18,British Shorthair,11,Shelter,0
255,1,2,Unknown,5,Rescue,0
256,0,20,Poodle Standard,18,Rescue,0
257,0,1,Dachshund (Miniature Long Haired),13,Breeder,0
258,1,10,Maine Coon,17,Shelter,0
259,0,13,Basenji,16,Shelter,0
260,0,2,Mutt,8,Breeder,0
261,1,5,Cornish Rex,17,Breeder,0
262,0,16,Field Spaniel,7,Breeder,0
263,0,19,Mutt,6,Rescue,0
264,0,4,Mutt,5,Rescue,0
265,0,12,Irish Setter,11,Rescue,0
266,1,12,Unknown,8,Breeder,0
267,0,5,Mutt,19,Breeder,0
268,1,17,Scottish Fold,17,Breeder,0
269,0,0,Mutt,14,Shelter,0
270,0,2,Irish Water Spaniel,9,Rescue,0
271,1,7,Persian,14,Breeder,0
272,1,11,Unknown,13,Rescue,0
273,0,8,Mutt,14,Breeder,0
274,1,2,Sphynx,17,Breeder,0
275,0,3,Dobermann,17,Breeder,0
276,1,4,Unknown,10,Breeder,0
277,0,4,Cesky Terrier,18,Shelter,0
278,0,11,Mutt,6,Shelter,0
279,1,9,Unknown,12,Shelter,0
280,1,3,Unknown,8,Rescue,0
281,1,8,Unknown,12,Shelter,0
282,0,17,Finnish Lapphund,10,Rescue,0
283,0,18,Mutt,17,Rescue,0
284,0,10,Old English Sheepdog,25,Breeder,0
285,1,7,Abyssinian,8,Rescue,0
286,0,2,Mutt,7,Rescue,0
287,0,18,Mutt,22,Shelter,0
288,0,7,Mutt,20,Breeder,0
289,1,20,Himalayan,7,Breeder,0
290,1,2,Russian Blue,17,Rescue,0
291,1,17,Unknown,5,Rescue,0
292,0,8,Mutt,21,Breeder,0
293,1,1,Unknown,10,Rescue,0
294,0,16,Mutt,24,Rescue,0
295,0,13,Mutt,8,Rescue,0
296,0,17,Boxer,9,Shelter,0
297,1,11,Persian,12,Shelter,0
298,0,15,Mutt,18,Shelter,1
299,1,9,Unknown,7,Breeder,0
300,1,11,Devon Rex,7,Rescue,0
301,1,18,Unknown,9,Breeder,0
302,1,16,Turkish Angora,13,Shelter,1
303,1,5,Abyssinian,7,Breeder,0
304,0,4,Mutt,18,Shelter,0
305,0,12,Mutt,14,Breeder,0
306,1,0,Unknown,15,Shelter,0
307,1,3,Unknown,14,Breeder,0
308,0,5,Mutt,24,Shelter,0
309,0,6,Mutt,8,Shelter,1
310,1,18,Unknown,9,Shelter,0
311,0,6,Foxhound,6,Rescue,0
312,1,9,Turkish Van,12,Breeder,0
313,1,15,Sphynx,11,Rescue,0
314,0,0,Beagle,14,Breeder,0
315,0,6,Weimaraner,15,Shelter,0
316,1,13,Unknown,7,Breeder,0
317,0,13,Mutt,15,Breeder,0
318,1,13,Unknown,16,Shelter,0
319,0,0,Mutt,25,Rescue,0
320,0,19,Mutt,12,Rescue,0
321,1,19,Unknown,18,Rescue,0
322,0,18,English Springer Spaniel,18,Shelter,0
323,0,6,Belgian Shepherd Dog Groenendael,24,Breeder,0
324,0,16,Briard,17,Rescue,0
325,1,4,Unknown,18,Rescue,0
326,1,11,Turkish Angora,9,Shelter,0
327,1,20,Turkish Angora,14,Rescue,0
328,0,20,Bernese Mountain Dog,5,Shelter,0
329,1,13,Turkish Angora,6,Shelter,0
330,1,7,Turkish Angora,16,Breeder,0
331,1,7,Unknown,16,Breeder,0
332,0,3,Mutt,11,Rescue,0
333,0,17,Boston Terrier,7,Shelter,0
334,0,16,Basset Hound,13,Shelter,0
335,0,2,Papillon,13,Shelter,0
336,1,11,Scottish Fold,10,Shelter,0
337,0,4,Sussex Spaniel,15,Rescue,0
338,1,1,Unknown,14,Shelter,0
339,1,5,Unknown,15,Rescue,0
340,0,1,Poodle Standard,17,Rescue,0
341,1,7,Sphynx,11,Shelter,0
342,0,20,Mutt,24,Shelter,0
343,0,12,West Highland White Terrier,6,Shelter,0
344,1,15,British Shorthair,10,Breeder,0
345,0,9,Mutt,16,Rescue,0
346,0,6,Mutt,17,Breeder,0
347,0,1,Airedale Terrier,8,Shelter,0
348,1,10,Unknown,7,Shelter,0
349,0,7,Nova Scotia Duck Tolling Retriever,18,Rescue,0
350,1,5,Turkish Angora,17,Shelter,0
351,0,5,Mutt,18,Rescue,0
352,1,7,Unknown,16,Rescue,0
353,0,17,Mutt,18,Shelter,0
354,0,16,Dachshund (Smooth Haired),12,Rescue,0
355,1,7,Cornish Rex,12,Shelter,0
356,0,19,Mutt,21,Rescue,0
357,0,17,Mutt,23,Shelter,0
358,1,19,Unknown,5,Rescue,0
359,0,20,Mutt,21,Rescue,0
360,1,17,Scottish Fold,6,Shelter,0
361,0,6,Chihuahua (Smooth Coat),13,Shelter,0
362,1,6,Burmese,5,Rescue,0
363,1,6,Unknown,12,Shelter,0
364,0,10,Mutt,16,Rescue,0
365,0,4,Mutt,24,Rescue,0
366,1,4,Unknown,8,Rescue,0
367,0,17,Ibizan Hound,21,Rescue,0
368,0,7,Kerry Blue Terrier,16,Breeder,0
369,0,19,Mutt,5,Breeder,0
370,1,17,Devon Rex,8,Breeder,0
371,0,7,Mutt,23,Shelter,0
372,0,14,Mutt,13,Breeder,0
373,1,14,Russian Blue,14,Rescue,0
374,1,15,Manx,5,Breeder,0
375,0,8,Mutt,22,Breeder,0
376,1,17,Himalayan,11,Breeder,0
377,0,20,Mutt,5,Breeder,1
378,0,9,Mutt,21,Shelter,0
379,0,4,Australian Terrier,10,Rescue,0
380,0,20,English Toy Terrier (Black & Tan),10,Breeder,0
381,0,15,Mutt,17,Rescue,0
382,0,0,Mutt,7,Breeder,0
383,0,16,Boston Terrier,21,Rescue,0
384,1,17,Unknown,15,Shelter,0
385,1,19,Maine Coon,13,Shelter,0
386,0,15,Skye Terrier,9,Breeder,0
387,0,19,Mutt,25,Shelter,0
388,1,12,Unknown,12,Shelter,1
389,0,12,Mutt,14,Rescue,0
390,0,3,Mutt,6,Rescue,0
391,1,18,Cornish Rex,17,Rescue,0
392,1,4,Maine Coon,9,Breeder,0
393,0,12,Clumber Spaniel,25,Rescue,0
394,0,16,Rhodesian Ridgeback,24,Rescue,0
395,1,13,Unknown,7,Rescue,0
396,0,8,Dachshund (Smooth Haired),15,Rescue,0
397,0,16,Tenterfield Terrier,20,Breeder,0
398,1,9,Unknown,11,Breeder,0
399,1,11,Unknown,9,Rescue,0
400,0,14,Mutt,17,Breeder,0
401,0,5,Mutt,22,Breeder,0
402,1,0,Abyssinian,13,Shelter,0
403,0,5,Anatolian Shepherd Dog,6,Breeder,0
404,0,3,Lhaso Apso,25,Rescue,0
405,1,18,Cornish Rex,17,Rescue,0
406,0,13,Mutt,23,Breeder,0
407,0,0,Mutt,6,Shelter,0
408,0,1,Deerhound,16,Shelter,0
409,1,14,Burmese,18,Shelter,0
410,0,15,Mutt,25,Shelter,0
411,1,6,Unknown,17,Breeder,0
412,0,17,St Bernard,13,Shelter,0
413,1,1,Cornish Rex,13,Breeder,0
414,1,2,Unknown,6,Rescue,0
415,1,2,British Shorthair,13,Shelter,0
416,1,0,Unknown,9,Rescue,0
417,0,7,Sussex Spaniel,14,Breeder,0
418,1,13,Turkish Angora,5,Breeder,0
419,0,10,Mutt,25,Rescue,0
420,1,10,Unknown,16,Rescue,0
421,1,14,Unknown,17,Rescue,1
422,1,17,Cornish Rex,14,Breeder,0
423,0,12,Chihuahua (Smooth Coat),23,Breeder,0
424,1,12,Unknown,15,Breeder,0
425,0,0,Mutt,20,Shelter,0
426,0,9,Mutt,15,Rescue,0
427,1,14,Unknown,13,Shelter,0
428,1,0,Unknown,13,Breeder,0
429,0,12,Mutt,13,Breeder,0
430,0,18,Mutt,22,Rescue,0
431,1,2,Unknown,13,Rescue,1
432,1,14,Cornish Rex,6,Breeder,0
433,0,10,Mutt,15,Rescue,0
434,1,14,Scottish Fold,5,Rescue,0
435,0,8,Dachshund (Wire Haired),19,Shelter,0
436,0,13,Bedlington Terrier,13,Rescue,0
437,1,0,Unknown,15,Rescue,0
438,1,12,Russian Blue,13,Shelter,0
439,1,18,Unknown,6,Rescue,0
440,0,18,Kerry Blue Terrier,13,Rescue,0
441,0,10,Mutt,10,Rescue,0
442,0,19,Rottweiler,14,Rescue,0
443,0,6,German Shepherd Dog,8,Breeder,0
444,1,2,Burmese,7,Shelter,0
445,0,1,Dachshund (Miniature Wire Haired),18,Rescue,0
446,1,18,Turkish Angora,15,Breeder,0
447,0,7,Mutt,8,Rescue,0
448,0,9,Tibetan Terrier,22,Rescue,0
449,1,18,British Shorthair,15,Rescue,0
450,0,12,Irish Terrier,17,Shelter,0
451,1,18,Siamese,18,Breeder,0
452,1,10,Unknown,5,Breeder,0
453,0,6,Mutt,10,Rescue,0
454,1,5,Russian Blue,5,Shelter,0
455,0,3,Mutt,15,Breeder,0
456,0,18,Basset Fauve de Bretagne,15,Rescue,0
457,1,5,Maine Coon,6,Breeder,0
458,1,12,Scottish Fold,10,Breeder,0
459,0,13,Australian Cattle Dog,21,Breeder,0
460,1,12,Unknown,18,Shelter,0
461,0,18,Australian Terrier,18,Rescue,0
462,1,15,Unknown,9,Rescue,0
463,0,1,Mutt,19,Rescue,0
464,1,4,Unknown,14,Rescue,0
465,1,10,Turkish Van,8,Rescue,0
466,1,14,Unknown,16,Breeder,0
467,0,18,Mutt,15,Shelter,0
468,1,17,British Shorthair,16,Breeder,0
469,1,16,Devon Rex,17,Breeder,1
470,1,18,Sphynx,9,Shelter,0
471,1,2,Unknown,18,Shelter,0
472,0,2,Maltese,22,Breeder,0
473,0,15,Mutt,24,Rescue,0
474,0,13,Mutt,13,Breeder,0
475,1,20,Unknown,13,Shelter,0
476,0,1,Dogue de Bordeaux,18,Shelter,0
477,1,7,Unknown,11,Rescue,0
478,0,11,Mutt,13,Rescue,0
479,0,8,Mutt,21,Rescue,0
480,1,9,Sphynx,13,Shelter,0
481,0,18,Clumber Spaniel,13,Breeder,0
482,1,14,Unknown,14,Breeder,0
483,0,20,Welsh Terrier,19,Shelter,0
484,1,3,Himalayan,12,Breeder,0
485,1,2,British Shorthair,13,Rescue,0
486,0,5,Mutt,6,Shelter,1
487,1,8,Manx,17,Shelter,0
488,1,1,Unknown,10,Breeder,0
489,0,5,Mutt,8,Shelter,0
490,0,18,Newfoundland,9,Rescue,0
491,1,2,Turkish Angora,16,Breeder,0
492,1,13,Unknown,13,Rescue,0
493,1,15,Turkish Van,8,Shelter,0
494,0,7,Mutt,10,Breeder,0
495,1,0,Siamese,13,Breeder,0
496,1,11,Russian Blue,12,Breeder,0
497,0,6,Schnauzer Giant,22,Breeder,0
498,1,20,Turkish Van,11,Rescue,0
499,0,14,Belgian Shepherd Dog Malinois,15,Rescue,0
500,0,17,Mutt,13,Rescue,0
501,0,1,Mutt,14,Rescue,0
502,0,17,Australian Cattle Dog,14,Breeder,0
503,0,8,Mutt,25,Rescue,0
504,1,13,Himalayan,17,Shelter,0
505,1,2,Unknown,11,Rescue,0
506,0,4,Old English Sheepdog,20,Breeder,0
507,0,8,Irish Wolfhound,7,Breeder,0
508,1,7,Turkish Van,6,Shelter,0
509,1,15,Manx,10,Breeder,0
510,1,5,Burmese,16,Breeder,0
511,0,3,Shetland Sheepdog,22,Shelter,0
512,1,0,Siamese,6,Rescue,0
513,1,9,Unknown,16,Shelter,0
514,1,10,Turkish Van,14,Rescue,0
515,1,17,Sphynx,11,Shelter,0
516,0,7,Mutt,5,Rescue,1
517,0,14,Mutt,11,Shelter,0
518,1,16,Burmese,7,Breeder,0
519,0,14,Leonberger,5,Breeder,0
520,1,16,Unknown,7,Rescue,0
521,0,20,Mutt,20,Breeder,0
522,0,18,Mutt,15,Breeder,0
523,0,6,Mutt,21,Breeder,0
524,0,14,Greyhound,25,Shelter,0
525,0,15,Mutt,20,Breeder,0
526,0,11,Mutt,13,Shelter,1
527,1,3,Abyssinian,18,Shelter,0
528,1,5,Abyssinian,9,Rescue,0
529,0,17,Mutt,9,Rescue,0
530,0,10,Mutt,16,Breeder,0
531,1,5,Unknown,5,Shelter,0
532,1,6,Scottish Fold,15,Rescue,0
533,1,0,Unknown,17,Rescue,0
534,1,18,Abyssinian,11,Rescue,0
535,0,3,Mutt,20,Breeder,1
536,1,4,Unknown,5,Breeder,0
537,0,10,Mutt,24,Breeder,0
538,1,17,Turkish Angora,5,Rescue,1
539,0,17,Mutt,7,Shelter,0
540,1,16,Unknown,17,Shelter,0
541,0,9,Mutt,12,Breeder,0
542,0,18,Belgian Shepherd Dog Groenendael,7,Shelter,0
543,1,16,Unknown,15,Shelter,0
544,1,6,Turkish Van,10,Rescue,0
545,1,14,Unknown,5,Rescue,0
546,1,18,Unknown,8,Rescue,0
547,1,10,Cornish Rex,8,Shelter,0
548,0,3,Pointer,25,Rescue,0
549,0,0,Mutt,14,Rescue,0
550,0,12,Mutt,11,Shelter,0
551,0,17,King Charles Spaniel,14,Rescue,0
552,0,4,Mutt,19,Rescue,0
553,0,9,Chow Chow (Smooth),18,Shelter,0
554,0,9,Soft Coated Wheaten Terrier,5,Breeder,0
555,0,14,Mutt,17,Rescue,0
556,1,3,Manx,7,Breeder,0
557,1,0,Unknown,12,Shelter,0
558,1,5,Turkish Angora,7,Shelter,0
559,0,1,Mutt,20,Shelter,0
560,0,2,Scottish Terrier,21,Breeder,1
561,0,14,Mutt,8,Rescue,0
562,1,3,Unknown,16,Breeder,0
563,0,4,Parson Jack Russell Terrier,6,Shelter,0
564,1,13,Unknown,7,Shelter,0
565,0,2,Mutt,16,Rescue,0
566,0,3,Finnish Spitz,12,Rescue,0
567,1,4,Sphynx,7,Shelter,0
568,0,16,Affenpinscher,20,Breeder,0
569,1,20,Sphynx,15,Rescue,1
570,0,18,Mutt,8,Rescue,0
571,1,4,Unknown,14,Rescue,0
572,0,0,Manchester Terrier,21,Breeder,0
573,1,7,Unknown,6,Breeder,0
574,1,20,Russian Blue,9,Rescue,0
575,0,19,Bouvier des Flandres,11,Breeder,1
576,1,7,British Shorthair,10,Shelter,0
577,0,5,Mutt,6,Breeder,0
578,1,5,Unknown,14,Breeder,0
579,1,5,Sphynx,7,Shelter,0
580,0,20,English Setter,23,Rescue,0
581,1,15,Himalayan,5,Shelter,0
582,1,14,Unknown,9,Breeder,0
583,0,13,Old English Sheepdog,6,Shelter,0
584,1,19,Unknown,9,Breeder,0
585,1,3,Unknown,15,Rescue,0
586,0,2,Dachshund (Smooth Haired),19,Shelter,0
587,1,2,Siamese,13,Rescue,0
588,1,1,Unknown,6,Shelter,0
589,0,12,Mutt,15,Shelter,0
590,0,4,Dachshund (Miniature Long Haired),17,Rescue,0
591,0,10,Mutt,19,Shelter,1
592,1,1,Unknown,9,Rescue,0
593,1,18,Unknown,14,Shelter,0
594,0,10,Mutt,12,Breeder,0
595,0,8,Borzoi,8,Shelter,0
596,1,3,British Shorthair,16,Breeder,0
597,0,13,Mutt,18,Rescue,0
598,1,1,Manx,15,Breeder,0
599,1,11,Maine Coon,6,Shelter,0
600,1,13,Abyssinian,5,Shelter,0
601,1,2,Sphynx,14,Shelter,0
602,1,20,Unknown,18,Rescue,0
603,1,9,Unknown,18,Shelter,0
604,0,10,Mutt,21,Breeder,0
605,1,10,Sphynx,12,Shelter,0
606,1,0,Unknown,17,Shelter,0
607,1,6,Burmese,9,Shelter,0
608,1,18,Sphynx,17,Rescue,0
609,1,12,Russian Blue,7,Rescue,0
610,0,5,Mutt,21,Shelter,0
611,0,1,Mutt,19,Rescue,0
612,1,20,Unknown,17,Shelter,0
613,1,9,Unknown,9,Breeder,0
614,1,9,Maine Coon,17,Shelter,0
615,0,17,Mutt,22,Rescue,0
616,1,19,Turkish Angora,7,Breeder,0
617,1,5,Unknown,13,Shelter,0
618,1,11,Cornish Rex,9,Rescue,1
619,1,12,Unknown,11,Breeder,0
620,1,14,Unknown,10,Rescue,0
621,0,7,Skye Terrier,13,Shelter,1
622,1,10,Sphynx,6,Rescue,0
623,0,11,Pyrenean Mountain Dog,23,Breeder,1
624,0,18,Mutt,12,Rescue,0
625,1,9,Unknown,10,Rescue,0
626,0,11,Mutt,23,Shelter,0
627,0,11,Mutt,13,Breeder,0
628,0,11,Mutt,13,Shelter,0
629,1,8,Unknown,9,Breeder,0
630,0,18,Yorkshire Terrier,11,Breeder,0
631,1,14,Unknown,8,Rescue,0
632,0,0,Mutt,6,Breeder,0
633,1,12,Turkish Angora,8,Breeder,0
634,0,11,Belgian Shepherd Dog Laekenois,18,Shelter,0
635,1,3,Persian,17,Rescue,0
636,0,6,Shar Pei,16,Shelter,0
637,1,19,Unknown,12,Breeder,0
638,0,1,Tenterfield Terrier,14,Rescue,0
639,0,11,Mutt,12,Shelter,0
640,1,15,Maine Coon,16,Breeder,0
641,1,0,Maine Coon,10,Rescue,0
642,1,0,Scottish Fold,9,Breeder,0
643,1,9,Unknown,7,Rescue,0
644,1,0,Unknown,11,Rescue,0
645,1,12,Unknown,17,Shelter,0
646,0,1,Shih Tzu,5,Rescue,0
647,1,2,Unknown,5,Breeder,0
648,1,1,Turkish Van,9,Rescue,0
649,0,18,Bracco Italiano,9,Rescue,0
650,0,10,Fox Terrier Wire Coat,22,Rescue,0
651,1,13,Unknown,14,Breeder,0
652,0,8,Mutt,16,Breeder,0
653,0,2,Mutt,24,Breeder,0
654,0,3,Samoyed,13,Breeder,1
655,0,9,Mutt,16,Rescue,0
656,1,14,Devon Rex,13,Breeder,0
657,0,13,Mutt,17,Shelter,0
658,1,8,Unknown,8,Shelter,0
659,1,17,Unknown,11,Rescue,0
660,1,9,Unknown,17,Shelter,0
661,1,12,Turkish Angora,10,Rescue,0
662,1,19,Devon Rex,13,Rescue,0
663,0,4,Japanese Spitz,19,Shelter,0
664,0,6,Chihuahua (Smooth Coat),8,Shelter,0
665,1,3,Unknown,10,Rescue,0
666,0,20,Mutt,23,Shelter,0
667,0,2,German Shepherd Dog,13,Rescue,0
668,0,14,Mutt,19,Breeder,0
669,1,20,Unknown,12,Breeder,0
670,1,12,Unknown,12,Shelter,0
671,1,10,Unknown,15,Rescue,0
672,1,0,Siamese,15,Rescue,0
673,1,15,Turkish Van,16,Rescue,0
674,0,17,Rhodesian Ridgeback,23,Rescue,0
675,1,20,Unknown,13,Rescue,0
676,0,15,Mutt,19,Rescue,0
677,0,2,Bulldog,7,Breeder,0
678,0,13,Mutt,22,Shelter,0
679,0,4,Dachshund (Miniature Long Haired),14,Shelter,0
680,1,3,Unknown,12,Shelter,0
681,0,6,Australian Silky Terrier,23,Rescue,0
682,0,0,Mutt,11,Shelter,1
683,1,9,Turkish Angora,15,Rescue,0
684,0,13,Basenji,13,Rescue,0
685,0,14,Cairn Terrier,25,Rescue,0
686,0,7,Portuguese Water Dog,12,Shelter,0
687,0,9,Whippet,20,Breeder,0
688,1,14,Devon Rex,12,Rescue,0
689,0,20,Belgian Shepherd Dog Tervueren,17,Rescue,0
690,0,14,Greyhound,15,Rescue,0
691,1,19,Turkish Angora,8,Rescue,0
692,1,18,Unknown,16,Shelter,0
693,1,11,Abyssinian,9,Breeder,0
694,1,0,Unknown,11,Rescue,0
695,0,18,Bullmastiff,8,Breeder,0
696,1,17,Unknown,12,Breeder,0
697,0,13,Bloodhound,20,Rescue,0
698,0,6,American Staffordshire Bull Terrier,24,Breeder,0
699,0,20,Poodle Toy,20,Breeder,0
700,0,7,Great Dane,17,Shelter,0
701,0,20,Mutt,14,Breeder,0
702,0,2,Mutt,21,Breeder,0
703,0,8,Mutt,24,Breeder,0
704,1,14,Unknown,11,Shelter,0
705,0,12,Mutt,14,Rescue,0
706,0,1,Mutt,12,Breeder,0
707,0,1,Welsh Corgi (Pembroke),5,Rescue,0
708,1,7,Unknown,16,Rescue,0
709,0,15,Bracco Italiano,5,Rescue,0
710,1,14,Devon Rex,16,Rescue,0
711,0,8,Saluki,23,Rescue,0
712,0,9,Belgian Shepherd Dog Tervueren,25,Rescue,0
713,0,5,Great Dane,22,Shelter,0
714,1,0,Maine Coon,10,Breeder,0
715,0,15,Siberian Husky,17,Breeder,0
716,1,8,Unknown,12,Breeder,0
717,0,9,Mutt,10,Rescue,0
718,0,0,Dalmatian,20,Breeder,0
719,0,14,Mutt,13,Rescue,0
720,1,13,Siamese,6,Breeder,0
721,0,11,Bullmastiff,18,Breeder,0
722,1,9,Unknown,13,Rescue,0
723,1,20,Manx,6,Breeder,0
724,1,12,Burmese,12,Breeder,0
725,1,18,Abyssinian,12,Rescue,0
726,0,18,Mutt,9,Shelter,0
727,1,1,Burmese,18,Shelter,0
728,0,11,Mutt,9,Breeder,0
729,1,0,Manx,17,Shelter,0
730,0,3,Mutt,16,Shelter,0
731,1,0,Unknown,16,Rescue,0
732,1,18,Unknown,9,Rescue,0
733,1,8,Turkish Angora,7,Shelter,0
734,0,11,Mutt,16,Shelter,0
735,1,9,Unknown,17,Shelter,0
736,0,17,Mutt,22,Rescue,0
737,0,13,Poodle Miniature,9,Shelter,0
738,1,1,Siamese,14,Rescue,0
739,0,10,Mutt,9,Rescue,0
740,0,11,Poodle Miniature,24,Breeder,0
741,0,2,King Charles Spaniel,8,Rescue,0
742,0,15,Pointer,16,Rescue,0
743,0,16,Mutt,11,Rescue,0
744,0,11,Mutt,14,Rescue,0
745,0,9,Mutt,12,Breeder,0
746,1,19,Unknown,10,Shelter,0
747,1,5,Turkish Angora,9,Shelter,0
748,0,5,English Toy Terrier (Black & Tan),17,Breeder,0
749,1,1,Maine Coon,16,Rescue,0
750,0,10,Nova Scotia Duck Tolling Retriever,13,Rescue,0
751,1,6,Sphynx,12,Breeder,0
752,0,16,Mutt,6,Rescue,0
753,0,8,Leonberger,8,Rescue,0
754,0,18,Dachshund (Miniature Smooth Haired),16,Shelter,1
755,0,15,Mutt,12,Shelter,0
756,0,6,Leonberger,21,Breeder,0
757,0,12,Fox Terrier Wire Coat,10,Breeder,1
758,1,11,Maine Coon,11,Breeder,0
759,0,20,West Highland White Terrier,12,Shelter,0
760,0,8,Mutt,24,Breeder,0
761,1,5,Unknown,6,Breeder,0
762,1,9,British Shorthair,13,Rescue,0
763,1,2,Russian Blue,8,Rescue,0
764,1,18,Persian,16,Breeder,0
765,0,2,Irish Terrier,18,Rescue,0
766,1,20,Unknown,13,Rescue,0
767,0,1,Mutt,15,Shelter,0
768,1,4,Turkish Angora,17,Rescue,0
769,0,10,Airedale Terrier,11,Breeder,0
770,1,19,Scottish Fold,12,Breeder,0
771,1,7,Turkish Angora,10,Rescue,0
772,1,4,British Shorthair,7,Rescue,0
773,0,0,Mutt,6,Breeder,0
774,1,13,Burmese,14,Shelter,1
775,0,18,Basset Fauve de Bretagne,12,Rescue,0
776,1,15,Himalayan,17,Shelter,0
777,1,8,Unknown,5,Rescue,0
778,1,19,British Shorthair,16,Rescue,0
779,0,10,Mutt,8,Rescue,0
780,0,14,Mutt,9,Shelter,0
781,0,13,Mutt,17,Breeder,0
782,0,10,Mutt,25,Shelter,0
783,1,0,British Shorthair,17,Rescue,0
784,0,20,Mutt,14,Shelter,0
785,0,10,Irish Terrier,5,Breeder,0
786,1,13,Unknown,6,Breeder,0
787,1,12,Unknown,13,Breeder,0
788,0,13,Mutt,5,Rescue,0
789,1,2,Unknown,17,Shelter,0
790,1,14,Unknown,15,Rescue,0
791,0,20,Mutt,12,Rescue,0
792,0,1,Scottish Terrier,14,Breeder,1
793,0,3,Weimaraner,11,Shelter,0
794,0,6,Mutt,25,Rescue,0
795,1,13,Abyssinian,14,Shelter,0
796,0,7,Bullmastiff,9,Rescue,0
797,0,0,Mutt,23,Shelter,0
798,1,18,Unknown,6,Rescue,0
799,1,13,Scottish Fold,12,Shelter,0
800,1,10,Unknown,15,Breeder,0
801,0,7,Mutt,6,Breeder,0
802,0,13,Finnish Spitz,16,Breeder,0
803,0,18,Mutt,17,Rescue,0
804,0,18,Mutt,7,Breeder,0
805,0,11,Mutt,25,Breeder,0
806,0,8,Mutt,15,Rescue,0
807,1,5,Unknown,17,Shelter,0
808,0,17,Rottweiler,21,Rescue,0
809,1,16,Siamese,14,Breeder,0
810,1,11,Burmese,10,Breeder,0
811,0,14,Mutt,19,Shelter,0
812,1,17,Russian Blue,12,Breeder,0
813,0,10,Pug,24,Breeder,0
814,1,17,Unknown,11,Breeder,0
815,0,20,Mutt,12,Shelter,0
816,1,20,Unknown,11,Breeder,0
817,0,18,Fox Terrier Smooth Coat,24,Shelter,0
818,0,11,Mutt,18,Rescue,0
819,1,15,Unknown,12,Rescue,0
820,1,10,Russian Blue,10,Rescue,0
821,0,7,Cavalier King Charles Spaniel,9,Breeder,0
822,0,13,Mutt,10,Shelter,0
823,0,11,Bouvier des Flandres,16,Shelter,0
824,0,20,Clumber Spaniel,17,Shelter,0
825,1,5,Unknown,10,Breeder,0
826,0,4,Mutt,25,Shelter,0
827,1,9,Turkish Angora,9,Rescue,0
828,0,4,Sloughi,12,Breeder,0
829,0,11,Sloughi,7,Rescue,0
830,1,6,Unknown,8,Rescue,0
831,1,17,Unknown,5,Breeder,0
832,1,9,Unknown,16,Breeder,0
833,1,2,Unknown,16,Shelter,0
834,0,2,Mutt,10,Shelter,0
835,1,0,Unknown,5,Breeder,0
836,0,15,Japanese Chin,17,Breeder,0
837,0,0,Belgian Shepherd Dog Tervueren,5,Shelter,0
838,0,8,Dandie Dinmont Terrier,7,Rescue,0
839,0,11,Poodle Toy,23,Shelter,0
840,0,20,Skye Terrier,21,Shelter,1
841,0,14,English Toy Terrier (Black & Tan),20,Breeder,0
842,1,9,Manx,14,Rescue,0
843,0,18,Shar Pei,12,Shelter,0
844,0,7,German Shepherd Dog,10,Shelter,0
845,0,7,Mutt,15,Rescue,0
846,0,0,Mutt,13,Breeder,0
847,1,11,Persian,12,Shelter,0
848,0,6,Welsh Corgi (Pembroke),20,Rescue,0
849,1,6,Unknown,5,Rescue,0
850,0,8,Belgian Shepherd Dog Laekenois,13,Rescue,0
851,1,1,Unknown,14,Breeder,0
852,0,14,Dogue de Bordeaux,11,Breeder,0
853,1,10,Siamese,18,Rescue,0
854,1,18,Unknown,12,Shelter,0
855,1,1,Unknown,10,Breeder,0
856,1,0,Scottish Fold,7,Shelter,0
857,1,4,Russian Blue,16,Rescue,0
858,0,19,Mutt,21,Shelter,0
859,1,10,Unknown,8,Shelter,0
860,1,15,Unknown,8,Breeder,0
861,1,19,Unknown,6,Shelter,0
862,1,9,British Shorthair,13,Shelter,0
863,0,3,Mutt,10,Breeder,0
864,0,17,Mutt,16,Rescue,0
865,1,0,Manx,14,Rescue,0
866,1,15,Unknown,11,Breeder,0
867,0,10,Mutt,6,Breeder,0
868,1,0,Unknown,8,Breeder,0
869,0,8,Mutt,12,Breeder,0
870,0,14,Mutt,13,Breeder,0
871,0,6,Mutt,23,Breeder,0
872,1,17,Unknown,14,Breeder,0
873,0,19,Tibetan Mastiff,15,Breeder,0
874,0,20,Mutt,21,Breeder,0
875,0,8,Mutt,17,Shelter,0
876,1,8,Unknown,10,Rescue,0
877,1,5,Unknown,6,Shelter,0
878,1,7,Unknown,12,Rescue,1
879,0,0,Alaskan Malamute,19,Rescue,0
880,0,3,Poodle Miniature,9,Shelter,0
881,0,20,Mutt,6,Breeder,0
882,1,12,Scottish Fold,16,Breeder,0
883,1,2,Siamese,16,Breeder,0
884,0,9,Mutt,13,Shelter,0
885,1,16,Turkish Angora,8,Breeder,0
886,1,6,Unknown,9,Rescue,0
887,0,4,Mutt,18,Rescue,0
888,1,19,Unknown,9,Rescue,0
889,1,0,Himalayan,8,Rescue,0
890,0,19,Golden Retriever,25,Rescue,0
891,0,18,Mutt,17,Rescue,0
892,0,1,Mutt,21,Rescue,0
893,1,19,Turkish Van,18,Breeder,0
894,0,19,Mutt,17,Shelter,0
895,0,15,Harrier Hound,15,Shelter,0
896,1,0,Burmese,14,Shelter,0
897,1,20,Abyssinian,18,Shelter,0
898,1,7,Unknown,5,Breeder,0
899,1,1,Turkish Van,16,Rescue,0
900,1,1,Himalayan,9,Breeder,0
901,0,19,Mutt,6,Shelter,0
902,0,7,Mutt,12,Shelter,0
903,0,0,Dandie Dinmont Terrier,25,Breeder,0
904,1,1,Unknown,10,Rescue,0
905,1,0,Abyssinian,8,Breeder,1
906,1,6,Unknown,17,Shelter,0
907,1,5,Turkish Angora,14,Breeder,0
908,1,7,Manx,11,Breeder,0
909,0,20,Mutt,9,Rescue,0
910,0,11,Tibetan Mastiff,9,Rescue,0
911,0,15,French Bulldog,19,Shelter,0
912,1,8,Unknown,9,Shelter,0
913,0,16,English Setter,9,Rescue,0
914,0,18,Mutt,20,Shelter,0
915,1,17,Himalayan,12,Rescue,0
916,0,19,Mutt,15,Rescue,0
917,0,9,Australian Kelpie,15,Rescue,0
918,0,9,Boxer,15,Shelter,0
919,0,3,Mutt,20,Rescue,0
920,0,7,Mutt,19,Breeder,0
921,0,8,Poodle Miniature,13,Breeder,0
922,0,0,Chihuahua (Smooth Coat),24,Shelter,0
923,0,19,Mutt,17,Breeder,0
924,1,12,Unknown,12,Breeder,0
925,1,11,Unknown,18,Rescue,0
926,1,14,Unknown,8,Shelter,0
927,0,0,Mutt,21,Rescue,0
928,0,20,Great Dane,22,Rescue,0
929,1,7,Siamese,11,Breeder,0
930,0,12,Mutt,25,Shelter,0
931,0,14,Welsh Corgi (Pembroke),17,Breeder,0
932,1,3,Unknown,17,Breeder,0
933,1,3,Persian,7,Rescue,0
934,1,19,Unknown,9,Breeder,0
935,1,15,Persian,15,Shelter,0
936,1,9,Scottish Fold,17,Breeder,0
937,0,16,Scottish Terrier,5,Breeder,0
938,1,0,Unknown,11,Rescue,0
939,1,20,Maine Coon,7,Breeder,0
940,1,12,Unknown,12,Breeder,0
941,0,3,Bulldog,21,Breeder,0
942,0,19,Mutt,24,Rescue,0
943,1,13,Unknown,5,Breeder,0
944,1,12,Unknown,17,Shelter,1
945,1,8,Cornish Rex,15,Shelter,0
946,0,15,Pharaoh Hound,9,Shelter,0
947,0,19,Mutt,5,Shelter,0
948,0,14,Curly-Coated Retriever,21,Rescue,0
949,0,12,Mutt,15,Breeder,0
950,1,0,Maine Coon,6,Shelter,0
951,1,16,British Shorthair,7,Shelter,0
952,0,11,Mutt,19,Breeder,0
953,1,19,Unknown,11,Shelter,0
954,1,14,Unknown,7,Breeder,0
955,0,14,Mutt,13,Breeder,0
956,1,1,Manx,11,Breeder,0
957,0,19,Mutt,25,Shelter,0
958,0,1,Whippet,13,Rescue,0
959,0,4,Mutt,5,Shelter,0
960,0,2,Mutt,15,Breeder,0
961,0,6,Weimaraner,25,Breeder,0
962,1,12,Turkish Angora,7,Breeder,0
963,1,3,Siamese,16,Shelter,0
964,1,7,Unknown,7,Rescue,0
965,1,4,Russian Blue,17,Rescue,0
966,1,4,Cornish Rex,11,Rescue,0
967,0,2,Alaskan Malamute,12,Breeder,0
968,0,11,Mutt,20,Breeder,0
969,1,1,Devon Rex,7,Shelter,0
970,0,14,Mutt,19,Shelter,0
971,1,9,British Shorthair,16,Breeder,0
972,0,5,Samoyed,17,Breeder,0
973,1,2,Unknown,9,Rescue,0
974,0,1,Mutt,25,Breeder,0
975,0,7,Flat-Coated Retriever,17,Shelter,0
976,0,12,Finnish Lapphund,14,Shelter,0
977,1,9,Turkish Van,14,Shelter,0
978,1,9,Unknown,12,Rescue,0
979,1,13,Turkish Angora,8,Shelter,0
980,0,17,Flat-Coated Retriever,23,Breeder,0
981,0,13,Belgian Shepherd Dog Groenendael,18,Shelter,0
982,1,19,Maine Coon,5,Shelter,0
983,0,19,Mutt,25,Shelter,0
984,0,4,Mutt,24,Rescue,0
985,0,6,Mutt,25,Shelter,0
986,1,12,British Shorthair,16,Breeder,0
987,0,5,Siberian Husky,17,Breeder,0
988,0,3,Mutt,19,Breeder,0
989,0,16,Siberian Husky,8,Rescue,0
990,1,20,Unknown,5,Shelter,0
991,0,13,Mutt,20,Breeder,0
992,0,12,Mutt,15,Rescue,0
993,1,15,British Shorthair,10,Breeder,0
994,0,17,Mutt,21,Rescue,0
995,1,17,Himalayan,11,Breeder,0
996,0,2,Mutt,12,Breeder,0
997,1,11,Unknown,13,Rescue,0
998,0,20,Mutt,15,Breeder,0
999,0,11,Mutt,18,Shelter,0
1000,1,16,Sphynx,9,Rescue,0
